bio variable,site_i,site_j,bio difference
bio1,1,2,4.8507210162500005
bio1,1,4,6.7695687458333005
bio1,1,5,4.252449660250001
bio1,1,6,4.2451734658333
bio1,1,9,1.7377630958332997
bio1,1,10,9.80701776
bio1,1,11,3.0574902700000006
bio1,1,12,2.2132563291667005
bio1,1,13,9.6688048008333
bio1,1,23,3.4530286125
bio1,1,24,4.73504492916667
bio1,1,25,0.6496094550000002
bio1,1,26,10.859450120833301
bio1,1,27,3.31876064166667
bio1,1,28,6.124402841666701
bio1,1,32,7.071263208333299
bio1,1,33,1.4547971720832997
bio1,1,37,2.6138935525000004
bio1,1,42,0.18314463749999987
bio1,1,43,7.257045112499998
bio1,1,45,4.91038067625
bio1,1,46,0.5331214291666999
bio1,1,48,2.23713753333333
bio1,1,49,0.977374766666701
bio1,1,52,1.2613785125000003
bio1,1,53,1.6183116650000002
bio1,1,54,1.6962631750000003
bio1,1,55,0.8205957916666993
bio1,1,57,1.5325753637500004
bio1,1,60,8.504145729166702
bio1,2,4,1.9188477295833
bio1,2,5,0.5982713559999997
bio1,2,6,0.6055475504167003
bio1,2,9,3.112957920416701
bio1,2,10,4.95629674375
bio1,2,11,1.79323074625
bio1,2,12,2.6374646870833
bio1,2,13,4.818083784583299
bio1,2,23,8.303749628750001
bio1,2,24,9.585765945416671
bio1,2,25,4.20111156125
bio1,2,26,6.008729104583301
bio1,2,27,8.16948165791667
bio1,2,28,1.2736818254167002
bio1,2,32,2.2205421920832986
bio1,2,33,3.395923844166701
bio1,2,37,7.464614568750001
bio1,2,42,4.667576378750001
bio1,2,43,2.406324096249998
bio1,2,45,0.05965965999999945
bio1,2,46,4.317599587083301
bio1,2,48,7.087858549583331
bio1,2,49,3.8733462495832995
bio1,2,52,3.58934250375
bio1,2,53,3.2324093512500003
bio1,2,54,3.15445784125
bio1,2,55,4.030125224583301
bio1,2,57,3.3181456525
bio1,2,60,3.653424712916701
bio1,4,5,2.5171190855832997
bio1,4,6,2.5243952800000002
bio1,4,9,5.031805650000001
bio1,4,10,3.0374490141667003
bio1,4,11,3.7120784758333
bio1,4,12,4.5563124166666
bio1,4,13,2.8992360549999994
bio1,4,23,10.2225973583333
bio1,4,24,11.50461367499997
bio1,4,25,6.1199592908333
bio1,4,26,4.089881375000001
bio1,4,27,10.088329387499972
bio1,4,28,0.6451659041665998
bio1,4,32,0.30169446249999865
bio1,4,33,5.314771573750001
bio1,4,37,9.383462298333301
bio1,4,42,6.586424108333301
bio1,4,43,0.4874763666666979
bio1,4,45,1.8591880695833005
bio1,4,46,6.236447316666601
bio1,4,48,9.00670627916663
bio1,4,49,5.7921939791665995
bio1,4,52,5.5081902333333
bio1,4,53,5.1512570808333
bio1,4,54,5.0733055708333
bio1,4,55,5.948972954166601
bio1,4,57,5.2369933820833
bio1,4,60,1.734576983333401
bio1,5,6,0.0072761944167005765
bio1,5,9,2.514686564416701
bio1,5,10,5.55456809975
bio1,5,11,1.1949593902500002
bio1,5,12,2.0391933310833004
bio1,5,13,5.416355140583299
bio1,5,23,7.705478272750001
bio1,5,24,8.98749458941667
bio1,5,25,3.6028402052500006
bio1,5,26,6.607000460583301
bio1,5,27,7.571210301916671
bio1,5,28,1.8719531814166999
bio1,5,32,2.8188135480832983
bio1,5,33,2.797652488166701
bio1,5,37,6.866343212750001
bio1,5,42,4.069305022750001
bio1,5,43,3.0045954522499976
bio1,5,45,0.6579310159999991
bio1,5,46,3.719328231083301
bio1,5,48,6.489587193583331
bio1,5,49,3.2750748935833
bio1,5,52,2.9910711477500005
bio1,5,53,2.6341379952500006
bio1,5,54,2.5561864852500005
bio1,5,55,3.4318538685833015
bio1,5,57,2.7198742965000005
bio1,5,60,4.251696068916701
bio1,6,9,2.5074103700000006
bio1,6,10,5.561844294166701
bio1,6,11,1.1876831958332996
bio1,6,12,2.0319171366666
bio1,6,13,5.423631335
bio1,6,23,7.6982020783333
bio1,6,24,8.98021839499997
bio1,6,25,3.5955640108333
bio1,6,26,6.614276655000001
bio1,6,27,7.56393410749997
bio1,6,28,1.8792293758334004
bio1,6,32,2.826089742499999
bio1,6,33,2.7903762937500005
bio1,6,37,6.859067018333301
bio1,6,42,4.0620288283333
bio1,6,43,3.011871646666698
bio1,6,45,0.6652072104166997
bio1,6,46,3.7120520366666003
bio1,6,48,6.48231099916663
bio1,6,49,3.2677986991665993
bio1,6,52,2.9837949533333
bio1,6,53,2.6268618008333
bio1,6,54,2.5489102908333
bio1,6,55,3.424577674166601
bio1,6,57,2.7125981020833
bio1,6,60,4.258972263333401
bio1,9,10,8.069254664166701
bio1,9,11,1.319727174166701
bio1,9,12,0.47549323333340077
bio1,9,13,7.931041705
bio1,9,23,5.1907917083332995
bio1,9,24,6.47280802499997
bio1,9,25,1.0881536408332995
bio1,9,26,9.121687025000002
bio1,9,27,5.05652373749997
bio1,9,28,4.386639745833401
bio1,9,32,5.3335001124999994
bio1,9,33,0.28296592374999996
bio1,9,37,4.3516566483333
bio1,9,42,1.5546184583332998
bio1,9,43,5.519282016666699
bio1,9,45,3.1726175804167003
bio1,9,46,1.2046416666665998
bio1,9,48,3.97490062916663
bio1,9,49,0.7603883291665987
bio1,9,52,0.47638458333329936
bio1,9,53,0.11945143083329945
bio1,9,54,0.04149992083329934
bio1,9,55,0.9171673041666004
bio1,9,57,0.20518773208329932
bio1,9,60,6.766382633333402
bio1,10,11,6.74952749
bio1,10,12,7.5937614308333
bio1,10,13,0.13821295916670095
bio1,10,23,13.2600463725
bio1,10,24,14.54206268916667
bio1,10,25,9.157408305
bio1,10,26,1.0524323608333006
bio1,10,27,13.125778401666672
bio1,10,28,3.6826149183333
bio1,10,32,2.7357545516667017
bio1,10,33,8.352220587916701
bio1,10,37,12.420911312500001
bio1,10,42,9.623873122500001
bio1,10,43,2.5499726475000024
bio1,10,45,4.896637083750001
bio1,10,46,9.273896330833301
bio1,10,48,12.044155293333331
bio1,10,49,8.8296429933333
bio1,10,52,8.5456392475
bio1,10,53,8.188706095
bio1,10,54,8.110754585
bio1,10,55,8.986421968333302
bio1,10,57,8.27444239625
bio1,10,60,1.3028720308332993
bio1,11,12,0.8442339408333002
bio1,11,13,6.611314530833299
bio1,11,23,6.5105188825
bio1,11,24,7.792535199166671
bio1,11,25,2.4078808150000004
bio1,11,26,7.801959850833301
bio1,11,27,6.376250911666671
bio1,11,28,3.0669125716667
bio1,11,32,4.0137729383332985
bio1,11,33,1.602693097916701
bio1,11,37,5.671383822500001
bio1,11,42,2.8743456325000007
bio1,11,43,4.199554842499998
bio1,11,45,1.8528904062499993
bio1,11,46,2.5243688408333007
bio1,11,48,5.294627803333331
bio1,11,49,2.0801155033332996
bio1,11,52,1.7961117575000003
bio1,11,53,1.4391786050000004
bio1,11,54,1.3612270950000003
bio1,11,55,2.2368944783333014
bio1,11,57,1.5249149062500003
bio1,11,60,5.446655459166701
bio1,12,13,7.455548471666599
bio1,12,23,5.6662849416667
bio1,12,24,6.9483012583333705
bio1,12,25,1.5636468741667002
bio1,12,26,8.646193791666601
bio1,12,27,5.532016970833371
bio1,12,28,3.9111465125000002
bio1,12,32,4.858006879166599
bio1,12,33,0.7584591570834007
bio1,12,37,4.827149881666701
bio1,12,42,2.0301116916667006
bio1,12,43,5.043788783333298
bio1,12,45,2.6971243470832995
bio1,12,46,1.6801349000000005
bio1,12,48,4.4503938625000306
bio1,12,49,1.2358815624999995
bio1,12,52,0.9518778166667001
bio1,12,53,0.5949446641667002
bio1,12,54,0.5169931541667001
bio1,12,55,1.3926605375000012
bio1,12,57,0.6806809654167001
bio1,12,60,6.290889400000001
bio1,13,23,13.121833413333299
bio1,13,24,14.403849729999969
bio1,13,25,9.0191953458333
bio1,13,26,1.1906453200000016
bio1,13,27,12.987565442499971
bio1,13,28,3.544401959166599
bio1,13,32,2.5975415925000007
bio1,13,33,8.21400762875
bio1,13,37,12.2826983533333
bio1,13,42,9.4856601633333
bio1,13,43,2.4117596883333015
bio1,13,45,4.7584241245833
bio1,13,46,9.1356833716666
bio1,13,48,11.90594233416663
bio1,13,49,8.691430034166599
bio1,13,52,8.4074262883333
bio1,13,53,8.0504931358333
bio1,13,54,7.9725416258332995
bio1,13,55,8.8482090091666
bio1,13,57,8.1362294370833
bio1,13,60,1.1646590716665983
bio1,23,24,1.2820163166666703
bio1,23,25,4.1026380675
bio1,23,26,14.3124787333333
bio1,23,27,0.13426797083332964
bio1,23,28,9.5774314541667
bio1,23,32,10.524291820833298
bio1,23,33,4.9078257845832995
bio1,23,37,0.8391350599999994
bio1,23,42,3.6361732499999997
bio1,23,43,10.710073724999997
bio1,23,45,8.363409288749999
bio1,23,46,3.9861500416666997
bio1,23,48,1.2158910791666697
bio1,23,49,4.430403379166701
bio1,23,52,4.714407125
bio1,23,53,5.0713402775
bio1,23,54,5.1492917875
bio1,23,55,4.273624404166699
bio1,23,57,4.98560397625
bio1,23,60,11.9571743416667
bio1,24,25,5.38465438416667
bio1,24,26,15.59449504999997
bio1,24,27,1.4162842875
bio1,24,28,10.85944777083337
bio1,24,32,11.806308137499968
bio1,24,33,6.18984210124997
bio1,24,37,2.1211513766666696
bio1,24,42,4.91818956666667
bio1,24,43,11.992090041666668
bio1,24,45,9.64542560541667
bio1,24,46,5.26816635833337
bio1,24,48,2.49790739583334
bio1,24,49,5.712419695833371
bio1,24,52,5.99642344166667
bio1,24,53,6.35335659416667
bio1,24,54,6.43130810416667
bio1,24,55,5.555640720833369
bio1,24,57,6.26762029291667
bio1,24,60,13.23919065833337
bio1,25,26,10.209840665833301
bio1,25,27,3.9683700966666704
bio1,25,28,5.4747933866667005
bio1,25,32,6.421653753333299
bio1,25,33,0.8051877170832995
bio1,25,37,3.2635030075000007
bio1,25,42,0.46646481750000035
bio1,25,43,6.607435657499998
bio1,25,45,4.26077122125
bio1,25,46,0.11648802583330031
bio1,25,48,2.8867469883333303
bio1,25,49,0.32776531166670075
bio1,25,52,0.6117690575000001
bio1,25,53,0.96870221
bio1,25,54,1.0466537200000001
bio1,25,55,0.17098633666669905
bio1,25,57,0.8829659087500001
bio1,25,60,7.854536274166701
bio1,26,27,14.178210762499972
bio1,26,28,4.735047279166601
bio1,26,32,3.7881869125000023
bio1,26,33,9.404652948750002
bio1,26,37,13.473343673333302
bio1,26,42,10.676305483333302
bio1,26,43,3.602405008333303
bio1,26,45,5.9490694445833014
bio1,26,46,10.326328691666602
bio1,26,48,13.096587654166632
bio1,26,49,9.8820753541666
bio1,26,52,9.598071608333301
bio1,26,53,9.241138455833301
bio1,26,54,9.163186945833301
bio1,26,55,10.038854329166602
bio1,26,57,9.326874757083301
bio1,26,60,2.3553043916666
bio1,27,28,9.443163483333372
bio1,27,32,10.39002384999997
bio1,27,33,4.77355781374997
bio1,27,37,0.7048670891666697
bio1,27,42,3.50190527916667
bio1,27,43,10.57580575416667
bio1,27,45,8.229141317916671
bio1,27,46,3.85188207083337
bio1,27,48,1.08162310833334
bio1,27,49,4.296135408333371
bio1,27,52,4.5801391541666705
bio1,27,53,4.93707230666667
bio1,27,54,5.0150238166666705
bio1,27,55,4.1393564333333694
bio1,27,57,4.8513360054166705
bio1,27,60,11.822906370833373
bio1,28,32,0.9468603666665985
bio1,28,33,4.669605669583401
bio1,28,37,8.738296394166701
bio1,28,42,5.941258204166701
bio1,28,43,1.1326422708332977
bio1,28,45,1.2140221654167007
bio1,28,46,5.591281412500001
bio1,28,48,8.36154037500003
bio1,28,49,5.147028075
bio1,28,52,4.8630243291667
bio1,28,53,4.5060911766667004
bio1,28,54,4.4281396666667
bio1,28,55,5.303807050000001
bio1,28,57,4.5918274779167
bio1,28,60,2.379742887500001
bio1,32,33,5.616466036249999
bio1,32,37,9.6851567608333
bio1,32,42,6.888118570833299
bio1,32,43,0.18578190416669926
bio1,32,45,2.160882532083299
bio1,32,46,6.538141779166599
bio1,32,48,9.30840074166663
bio1,32,49,6.093888441666598
bio1,32,52,5.809884695833299
bio1,32,53,5.452951543333299
bio1,32,54,5.375000033333299
bio1,32,55,6.2506674166666
bio1,32,57,5.538687844583299
bio1,32,60,1.4328825208334024
bio1,33,37,4.0686907245833
bio1,33,42,1.2716525345832999
bio1,33,43,5.802247940416699
bio1,33,45,3.4555835041667002
bio1,33,46,0.9216757429165998
bio1,33,48,3.69193470541663
bio1,33,49,0.47742240541659875
bio1,33,52,0.1934186595832994
bio1,33,53,0.1635144929167005
bio1,33,54,0.24146600291670062
bio1,33,55,0.6342013804166005
bio1,33,57,0.07777819166670064
bio1,33,60,7.049348557083402
bio1,37,42,2.7970381900000003
bio1,37,43,9.870938664999999
bio1,37,45,7.52427422875
bio1,37,46,3.1470149816667004
bio1,37,48,0.37675601916667034
bio1,37,49,3.5912683191667014
bio1,37,52,3.8752720650000008
bio1,37,53,4.232205217500001
bio1,37,54,4.310156727500001
bio1,37,55,3.4344893441666997
bio1,37,57,4.146468916250001
bio1,37,60,11.118039281666702
bio1,42,43,7.0739004749999985
bio1,42,45,4.72723603875
bio1,42,46,0.34997679166670004
bio1,42,48,2.42028217083333
bio1,42,49,0.7942301291667011
bio1,42,52,1.0782338750000005
bio1,42,53,1.4351670275000004
bio1,42,54,1.5131185375000005
bio1,42,55,0.6374511541666994
bio1,42,57,1.3494307262500005
bio1,42,60,8.321001091666702
bio1,43,45,2.3466644362499984
bio1,43,46,6.7239236833332985
bio1,43,48,9.494182645833328
bio1,43,49,6.279670345833297
bio1,43,52,5.995666599999998
bio1,43,53,5.638733447499998
bio1,43,54,5.560781937499998
bio1,43,55,6.436449320833299
bio1,43,57,5.724469748749998
bio1,43,60,1.2471006166667031
bio1,45,46,4.3772592470833
bio1,45,48,7.14751820958333
bio1,45,49,3.933005909583299
bio1,45,52,3.6490021637499996
bio1,45,53,3.2920690112499997
bio1,45,54,3.2141175012499996
bio1,45,55,4.089784884583301
bio1,45,57,3.3778053124999996
bio1,45,60,3.5937650529167016
bio1,46,48,2.77025896250003
bio1,46,49,0.44425333750000107
bio1,46,52,0.7282570833333004
bio1,46,53,1.0851902358333003
bio1,46,54,1.1631417458333004
bio1,46,55,0.28747436249999936
bio1,46,57,0.9994539345833005
bio1,46,60,7.971024300000002
bio1,48,49,3.214512300000031
bio1,48,52,3.4985160458333304
bio1,48,53,3.8554491983333303
bio1,48,54,3.9334007083333304
bio1,48,55,3.0577333250000294
bio1,48,57,3.7697128970833305
bio1,48,60,10.741283262500032
bio1,49,52,0.28400374583329935
bio1,49,53,0.6409368983332993
bio1,49,54,0.7188884083332994
bio1,49,55,0.1567789750000017
bio1,49,57,0.5552005970832994
bio1,49,60,7.5267709625000006
bio1,52,53,0.3569331524999999
bio1,52,54,0.4348846625
bio1,52,55,0.44078272083330106
bio1,52,57,0.27119685125000004
bio1,52,60,7.242767216666701
bio1,53,54,0.07795151000000011
bio1,53,55,0.797715873333301
bio1,53,57,0.08573630124999987
bio1,53,60,6.885834064166701
bio1,54,55,0.8756673833333011
bio1,54,57,0.16368781124999998
bio1,54,60,6.807882554166701
bio1,55,57,0.7119795720833011
bio1,55,60,7.683549937500002
bio1,57,60,6.971570365416701
bio10,1,2,4.715163166666702
bio10,1,4,5.765625500000002
bio10,1,5,4.789093333333302
bio10,1,6,3.649370749999999
bio10,1,9,3.634560333333301
bio10,1,10,10.280663166666702
bio10,1,11,5.679049166666701
bio10,1,12,4.038459166666701
bio10,1,13,10.138262000000001
bio10,1,23,2.703121750000001
bio10,1,24,3.9659265999999995
bio10,1,25,0.7198449999999994
bio10,1,26,8.086507000000001
bio10,1,27,2.0207344999999997
bio10,1,28,5.7405159999999995
bio10,1,32,5.371178333333301
bio10,1,33,1.1577015000000017
bio10,1,37,4.586774666666699
bio10,1,42,0.9880105000000015
bio10,1,43,5.402177666666702
bio10,1,45,5.7172551666667
bio10,1,46,0.41726699999999894
bio10,1,48,1.5279124999999993
bio10,1,49,1.327872833333302
bio10,1,52,1.6689713333332996
bio10,1,53,2.210540999999999
bio10,1,54,1.7627697500000004
bio10,1,55,0.5171407499999994
bio10,1,57,1.1403959166667015
bio10,1,60,7.3307956666667025
bio10,2,4,1.0504623333333
bio10,2,5,0.07393016666659946
bio10,2,6,1.065792416666703
bio10,2,9,1.0806028333334012
bio10,2,10,5.5655
bio10,2,11,0.9638859999999987
bio10,2,12,0.6767040000000009
bio10,2,13,5.423098833333299
bio10,2,23,2.012041416666701
bio10,2,24,8.681089766666702
bio10,2,25,3.995318166666703
bio10,2,26,3.371343833333299
bio10,2,27,6.735897666666702
bio10,2,28,1.0253528333332973
bio10,2,32,0.6560151666665988
bio10,2,33,3.5574616666667005
bio10,2,37,9.301937833333401
bio10,2,42,3.7271526666667008
bio10,2,43,0.6870145000000001
bio10,2,45,1.0020919999999975
bio10,2,46,4.297896166666703
bio10,2,48,3.187250666666703
bio10,2,49,3.3872903333334
bio10,2,52,3.0461918333334026
bio10,2,53,2.504622166666703
bio10,2,54,2.952393416666702
bio10,2,55,4.198022416666703
bio10,2,57,3.5747672500000007
bio10,2,60,2.6156325000000002
bio10,4,5,0.9765321666667006
bio10,4,6,2.116254750000003
bio10,4,9,2.1310651666667013
bio10,4,10,4.5150376666667
bio10,4,11,0.08657633333330139
bio10,4,12,1.727166333333301
bio10,4,13,4.372636499999999
bio10,4,23,3.062503750000001
bio10,4,24,9.731552100000002
bio10,4,25,5.045780500000003
bio10,4,26,2.3208814999999987
bio10,4,27,7.786360000000002
bio10,4,28,0.025109500000002782
bio10,4,32,0.3944471666667013
bio10,4,33,4.607924000000001
bio10,4,37,10.352400166666701
bio10,4,42,4.777615000000001
bio10,4,43,0.3634478333333
bio10,4,45,0.04837033333330254
bio10,4,46,5.348358500000003
bio10,4,48,4.237713000000003
bio10,4,49,4.4377526666667
bio10,4,52,4.096654166666703
bio10,4,53,3.555084500000003
bio10,4,54,4.002855750000002
bio10,4,55,5.248484750000003
bio10,4,57,4.625229583333301
bio10,4,60,1.5651701666667002
bio10,5,6,1.1397225833333025
bio10,5,9,1.1545330000000007
bio10,5,10,5.491569833333401
bio10,5,11,0.8899558333333992
bio10,5,12,0.7506341666666003
bio10,5,13,5.349168666666699
bio10,5,23,2.0859715833333006
bio10,5,24,8.755019933333301
bio10,5,25,4.069248333333302
bio10,5,26,3.2974136666666993
bio10,5,27,6.809827833333301
bio10,5,28,0.9514226666666978
bio10,5,32,0.5820849999999993
bio10,5,33,3.6313918333333
bio10,5,37,9.375868
bio10,5,42,3.8010828333333
bio10,5,43,0.6130843333334006
bio10,5,45,0.9281618333333981
bio10,5,46,4.371826333333303
bio10,5,48,3.2611808333333023
bio10,5,49,3.4612204999999996
bio10,5,52,3.120122000000002
bio10,5,53,2.5785523333333025
bio10,5,54,3.0263235833333013
bio10,5,55,4.271952583333302
bio10,5,57,3.6486974166666
bio10,5,60,2.541702333333401
bio10,6,9,0.014810416666698245
bio10,6,10,6.631292416666703
bio10,6,11,2.0296784166667017
bio10,6,12,0.38908841666670213
bio10,6,13,6.488891250000002
bio10,6,23,0.9462489999999981
bio10,6,24,7.615297349999999
bio10,6,25,2.92952575
bio10,6,26,4.437136250000002
bio10,6,27,5.670105249999999
bio10,6,28,2.0911452500000003
bio10,6,32,1.7218075833333017
bio10,6,33,2.4916692499999975
bio10,6,37,8.236145416666698
bio10,6,42,2.6613602499999978
bio10,6,43,1.752806916666703
bio10,6,45,2.0678844166667005
bio10,6,46,3.2321037500000003
bio10,6,48,2.12145825
bio10,6,49,2.321497916666697
bio10,6,52,1.9803994166666996
bio10,6,53,1.43882975
bio10,6,54,1.8866009999999989
bio10,6,55,3.13223
bio10,6,57,2.5089748333332977
bio10,6,60,3.6814249166667032
bio10,9,10,6.646102833333401
bio10,9,11,2.0444888333334
bio10,9,12,0.4038988333334004
bio10,9,13,6.5037016666667
bio10,9,23,0.9314385833332999
bio10,9,24,7.6004869333333005
bio10,9,25,2.9147153333333016
bio10,9,26,4.4519466666667
bio10,9,27,5.655294833333301
bio10,9,28,2.1059556666666985
bio10,9,32,1.736618
bio10,9,33,2.4768588333332993
bio10,9,37,8.221335
bio10,9,42,2.6465498333332995
bio10,9,43,1.7676173333334013
bio10,9,45,2.0826948333333988
bio10,9,46,3.217293333333302
bio10,9,48,2.1066478333333016
bio10,9,49,2.306687499999999
bio10,9,52,1.9655890000000014
bio10,9,53,1.4240193333333018
bio10,9,54,1.8717905833333006
bio10,9,55,3.1174195833333016
bio10,9,57,2.4941644166665995
bio10,9,60,3.6962353333334015
bio10,10,11,4.601614000000001
bio10,10,12,6.242204000000001
bio10,10,13,0.14240116666670133
bio10,10,23,7.577541416666701
bio10,10,24,14.246589766666702
bio10,10,25,9.560818166666703
bio10,10,26,2.1941561666667013
bio10,10,27,12.301397666666702
bio10,10,28,4.540147166666703
bio10,10,32,4.909484833333401
bio10,10,33,9.1229616666667
bio10,10,37,14.867437833333401
bio10,10,42,9.2926526666667
bio10,10,43,4.8784855
bio10,10,45,4.563408000000003
bio10,10,46,9.863396166666703
bio10,10,48,8.752750666666703
bio10,10,49,8.9527903333334
bio10,10,52,8.611691833333403
bio10,10,53,8.070122166666703
bio10,10,54,8.517893416666702
bio10,10,55,9.763522416666703
bio10,10,57,9.14026725
bio10,10,60,2.9498675
bio10,11,12,1.6405899999999995
bio10,11,13,4.4592128333333
bio10,11,23,2.9759274166667
bio10,11,24,9.6449757666667
bio10,11,25,4.9592041666667015
bio10,11,26,2.4074578333333
bio10,11,27,7.6997836666667006
bio10,11,28,0.06146683333329861
bio10,11,32,0.30787083333339993
bio10,11,33,4.521347666666699
bio10,11,37,10.2658238333334
bio10,11,42,4.691038666666699
bio10,11,43,0.2768714999999986
bio10,11,45,0.03820599999999885
bio10,11,46,5.261782166666702
bio10,11,48,4.151136666666702
bio10,11,49,4.351176333333399
bio10,11,52,4.010077833333401
bio10,11,53,3.4685081666667017
bio10,11,54,3.9162794166667005
bio10,11,55,5.1619084166667015
bio10,11,57,4.538653249999999
bio10,11,60,1.6517465000000016
bio10,12,13,6.0998028333333
bio10,12,23,1.3353374166667002
bio10,12,24,8.0043857666667
bio10,12,25,3.318614166666702
bio10,12,26,4.0480478333333
bio10,12,27,6.059193666666701
bio10,12,28,1.7020568333332982
bio10,12,32,1.3327191666665996
bio10,12,33,2.8807576666666996
bio10,12,37,8.6252338333334
bio10,12,42,3.0504486666667
bio10,12,43,1.363718500000001
bio10,12,45,1.6787959999999984
bio10,12,46,3.6211921666667024
bio10,12,48,2.510546666666702
bio10,12,49,2.7105863333333993
bio10,12,52,2.3694878333334017
bio10,12,53,1.8279181666667021
bio10,12,54,2.275689416666701
bio10,12,55,3.521318416666702
bio10,12,57,2.89806325
bio10,12,60,3.292336500000001
bio10,13,23,7.43514025
bio10,13,24,14.1041886
bio10,13,25,9.418417000000002
bio10,13,26,2.051755
bio10,13,27,12.1589965
bio10,13,28,4.3977460000000015
bio10,13,32,4.7670836666667
bio10,13,33,8.9805605
bio10,13,37,14.7250366666667
bio10,13,42,9.1502515
bio10,13,43,4.736084333333299
bio10,13,45,4.421006833333301
bio10,13,46,9.720995000000002
bio10,13,48,8.610349500000002
bio10,13,49,8.810389166666699
bio10,13,52,8.469290666666701
bio10,13,53,7.927721000000002
bio10,13,54,8.37549225
bio10,13,55,9.621121250000002
bio10,13,57,8.9978660833333
bio10,13,60,2.8074663333332985
bio10,23,24,6.669048350000001
bio10,23,25,1.9832767500000017
bio10,23,26,5.38338525
bio10,23,27,4.723856250000001
bio10,23,28,3.0373942499999984
bio10,23,32,2.6680565833333
bio10,23,33,1.5454202499999994
bio10,23,37,7.2898964166667
bio10,23,42,1.7151112499999996
bio10,23,43,2.699055916666701
bio10,23,45,3.0141334166666987
bio10,23,46,2.285854750000002
bio10,23,48,1.1752092500000018
bio10,23,49,1.375248916666699
bio10,23,52,1.0341504166667015
bio10,23,53,0.4925807500000019
bio10,23,54,0.9403520000000007
bio10,23,55,2.1859810000000017
bio10,23,57,1.5627258333332996
bio10,23,60,4.627673916666701
bio10,24,25,4.685771599999999
bio10,24,26,12.0524336
bio10,24,27,1.9451920999999999
bio10,24,28,9.706442599999999
bio10,24,32,9.3371049333333
bio10,24,33,5.123628100000001
bio10,24,37,0.6208480666666993
bio10,24,42,4.953937100000001
bio10,24,43,9.368104266666702
bio10,24,45,9.6831817666667
bio10,24,46,4.3831935999999985
bio10,24,48,5.493839099999999
bio10,24,49,5.293799433333302
bio10,24,52,5.634897933333299
bio10,24,53,6.176467599999999
bio10,24,54,5.72869635
bio10,24,55,4.483067349999999
bio10,24,57,5.106322516666701
bio10,24,60,11.296722266666702
bio10,25,26,7.366662000000002
bio10,25,27,2.740579499999999
bio10,25,28,5.020671
bio10,25,32,4.651333333333302
bio10,25,33,0.4378565000000023
bio10,25,37,5.306619666666698
bio10,25,42,0.26816550000000206
bio10,25,43,4.682332666666703
bio10,25,45,4.9974101666667
bio10,25,46,0.30257800000000046
bio10,25,48,0.8080674999999999
bio10,25,49,0.6080278333333027
bio10,25,52,0.9491263333333002
bio10,25,53,1.4906959999999998
bio10,25,54,1.042924750000001
bio10,25,55,0.20270425000000003
bio10,25,57,0.4205509166667021
bio10,25,60,6.610950666666703
bio10,26,27,10.1072415
bio10,26,28,2.3459910000000015
bio10,26,32,2.7153286666667
bio10,26,33,6.928805499999999
bio10,26,37,12.6732816666667
bio10,26,42,7.0984964999999995
bio10,26,43,2.6843293333332987
bio10,26,45,2.3692518333333012
bio10,26,46,7.669240000000002
bio10,26,48,6.558594500000002
bio10,26,49,6.758634166666699
bio10,26,52,6.417535666666701
bio10,26,53,5.875966000000002
bio10,26,54,6.323737250000001
bio10,26,55,7.569366250000002
bio10,26,57,6.9461110833332995
bio10,26,60,0.7557113333332985
bio10,27,28,7.761250499999999
bio10,27,32,7.391912833333301
bio10,27,33,3.1784360000000014
bio10,27,37,2.566040166666699
bio10,27,42,3.008745000000001
bio10,27,43,7.422912166666702
bio10,27,45,7.737989666666699
bio10,27,46,2.4380014999999986
bio10,27,48,3.548646999999999
bio10,27,49,3.3486073333333017
bio10,27,52,3.6897058333332993
bio10,27,53,4.231275499999999
bio10,27,54,3.78350425
bio10,27,55,2.537875249999999
bio10,27,57,3.161130416666701
bio10,27,60,9.351530166666702
bio10,28,32,0.36933766666669854
bio10,28,33,4.582814499999998
bio10,28,37,10.327290666666698
bio10,28,42,4.752505499999998
bio10,28,43,0.3383383333332972
bio10,28,45,0.023260833333299757
bio10,28,46,5.323249000000001
bio10,28,48,4.2126035
bio10,28,49,4.412643166666697
bio10,28,52,4.0715446666667
bio10,28,53,3.5299750000000003
bio10,28,54,3.977746249999999
bio10,28,55,5.22337525
bio10,28,57,4.600120083333298
bio10,28,60,1.590279666666703
bio10,32,33,4.213476833333299
bio10,32,37,9.957953
bio10,32,42,4.3831678333332995
bio10,32,43,0.030999333333401324
bio10,32,45,0.3460768333333988
bio10,32,46,4.953911333333302
bio10,32,48,3.8432658333333016
bio10,32,49,4.043305499999999
bio10,32,52,3.7022070000000014
bio10,32,53,3.1606373333333018
bio10,32,54,3.6084085833333006
bio10,32,55,4.854037583333302
bio10,32,57,4.2307824166665995
bio10,32,60,1.9596173333334015
bio10,33,37,5.744476166666701
bio10,33,42,0.16969100000000026
bio10,33,43,4.244476166666701
bio10,33,45,4.559553666666698
bio10,33,46,0.7404345000000028
bio10,33,48,0.3702109999999976
bio10,33,49,0.17017133333330037
bio10,33,52,0.5112698333332979
bio10,33,53,1.0528394999999975
bio10,33,54,0.6050682499999986
bio10,33,55,0.6405607500000023
bio10,33,57,0.017305583333300234
bio10,33,60,6.173094166666701
bio10,37,42,5.5747851666667
bio10,37,43,9.988952333333401
bio10,37,45,10.304029833333399
bio10,37,46,5.004041666666698
bio10,37,48,6.114687166666698
bio10,37,49,5.914647500000001
bio10,37,52,6.2557459999999985
bio10,37,53,6.797315666666698
bio10,37,54,6.349544416666699
bio10,37,55,5.103915416666698
bio10,37,57,5.7271705833334
bio10,37,60,11.917570333333401
bio10,42,43,4.414167166666701
bio10,42,45,4.729244666666698
bio10,42,46,0.5707435000000025
bio10,42,48,0.5399019999999979
bio10,42,49,0.3398623333333006
bio10,42,52,0.6809608333332982
bio10,42,53,1.2225304999999977
bio10,42,54,0.7747592499999989
bio10,42,55,0.4708697500000021
bio10,42,57,0.15238541666670002
bio10,42,60,6.342785166666701
bio10,43,45,0.31507749999999746
bio10,43,46,4.984910666666703
bio10,43,48,3.874265166666703
bio10,43,49,4.0743048333334
bio10,43,52,3.7332063333334027
bio10,43,53,3.191636666666703
bio10,43,54,3.639407916666702
bio10,43,55,4.885036916666703
bio10,43,57,4.261781750000001
bio10,43,60,1.9286180000000002
bio10,45,46,5.299988166666701
bio10,45,48,4.1893426666667
bio10,45,49,4.389382333333398
bio10,45,52,4.0482838333334
bio10,45,53,3.5067141666667005
bio10,45,54,3.9544854166666994
bio10,45,55,5.2001144166667
bio10,45,57,4.576859249999998
bio10,45,60,1.6135405000000027
bio10,46,48,1.1106455000000004
bio10,46,49,0.9106058333333031
bio10,46,52,1.2517043333333007
bio10,46,53,1.7932740000000003
bio10,46,54,1.3455027500000014
bio10,46,55,0.09987375000000043
bio10,46,57,0.7231289166667025
bio10,46,60,6.9135286666667035
bio10,48,49,0.20003966666669726
bio10,48,52,0.14105883333330027
bio10,48,53,0.6826284999999999
bio10,48,54,0.23485725000000102
bio10,48,55,1.01077175
bio10,48,57,0.38751658333329786
bio10,48,60,5.802883166666703
bio10,49,52,0.34109849999999753
bio10,49,53,0.8826681666666971
bio10,49,54,0.4348969166666983
bio10,49,55,0.8107320833333027
bio10,49,57,0.1874769166666006
bio10,49,60,6.0029228333334
bio10,52,53,0.5415696666666996
bio10,52,54,0.09379841666670075
bio10,52,55,1.1518305833333002
bio10,52,57,0.5285754166665981
bio10,52,60,5.661824333333403
bio10,53,54,0.44777124999999884
bio10,53,55,1.6934002499999998
bio10,53,57,1.0701450833332977
bio10,53,60,5.120254666666703
bio10,54,55,1.245629000000001
bio10,54,57,0.6223738333332989
bio10,54,60,5.568025916666702
bio10,55,57,0.6232551666667021
bio10,55,60,6.813654916666703
bio10,57,60,6.190399750000001
bio11,1,2,6.124866281666671
bio11,1,4,8.7511734
bio11,1,5,4.465535449999999
bio11,1,6,6.1370176
bio11,1,9,0.5419961
bio11,1,10,10.1655291483333
bio11,1,11,0.026645049999999948
bio11,1,12,0.11333644999999981
bio11,1,13,10.0724690933333
bio11,1,23,12.45654805
bio11,1,24,6.0187665500000005
bio11,1,25,0.04789761666667003
bio11,1,26,11.92530825
bio11,1,27,5.04533716666667
bio11,1,28,6.09836661666667
bio11,1,32,9.4978332833333
bio11,1,33,2.0056049999999996
bio11,1,37,0.6904483166666702
bio11,1,42,1.1845277166666661
bio11,1,43,8.7811537333333
bio11,1,45,4.87153663333333
bio11,1,46,0.9970821166666699
bio11,1,48,7.24583855
bio11,1,49,0.7381812166666699
bio11,1,52,1.6148259166666699
bio11,1,53,1.8113336833333298
bio11,1,54,2.6426002166666698
bio11,1,55,1.9064009666666704
bio11,1,57,3.1878188499999998
bio11,1,60,8.6843722833333
bio11,2,4,2.6263071183333295
bio11,2,5,1.6593308316666713
bio11,2,6,0.012151318333328831
bio11,2,9,6.666862381666671
bio11,2,10,4.040662866666629
bio11,2,11,6.15151133166667
bio11,2,12,6.011529831666671
bio11,2,13,3.947602811666629
bio11,2,23,18.58141433166667
bio11,2,24,12.143632831666672
bio11,2,25,6.076968665000001
bio11,2,26,5.800441968333329
bio11,2,27,11.170203448333341
bio11,2,28,0.026499665000001116
bio11,2,32,3.3729670016666287
bio11,2,33,4.119261281666671
bio11,2,37,6.815314598333341
bio11,2,42,7.309393998333337
bio11,2,43,2.6562874516666284
bio11,2,45,1.2533296483333407
bio11,2,46,5.127784165000001
bio11,2,48,13.370704831666671
bio11,2,49,5.386685065000001
bio11,2,52,4.510040365000001
bio11,2,53,4.313532598333341
bio11,2,54,3.482266065000001
bio11,2,55,4.218465315
bio11,2,57,2.937047431666671
bio11,2,60,2.5595060016666284
bio11,4,5,4.285637950000001
bio11,4,6,2.6141558000000007
bio11,4,9,9.293169500000001
bio11,4,10,1.4143557483332998
bio11,4,11,8.77781845
bio11,4,12,8.63783695
bio11,4,13,1.3212956933332993
bio11,4,23,21.20772145
bio11,4,24,14.769939950000001
bio11,4,25,8.70327578333333
bio11,4,26,3.1741348499999997
bio11,4,27,13.79651056666667
bio11,4,28,2.6528067833333306
bio11,4,32,0.7466598833332991
bio11,4,33,6.745568400000001
bio11,4,37,9.44162171666667
bio11,4,42,9.935701116666667
bio11,4,43,0.02998033333329886
bio11,4,45,3.8796367666666702
bio11,4,46,7.754091283333331
bio11,4,48,15.997011950000001
bio11,4,49,8.012992183333331
bio11,4,52,7.1363474833333305
bio11,4,53,6.93983971666667
bio11,4,54,6.1085731833333305
bio11,4,55,6.84477243333333
bio11,4,57,5.563354550000001
bio11,4,60,0.06680111666670108
bio11,5,6,1.67148215
bio11,5,9,5.0075315499999995
bio11,5,10,5.699993698333301
bio11,5,11,4.4921805
bio11,5,12,4.352199
bio11,5,13,5.6069336433333
bio11,5,23,16.9220835
bio11,5,24,10.484302
bio11,5,25,4.4176378333333295
bio11,5,26,7.4597728000000005
bio11,5,27,9.51087261666667
bio11,5,28,1.6328311666666702
bio11,5,32,5.0322978333333
bio11,5,33,2.45993045
bio11,5,37,5.15598376666667
bio11,5,42,5.650063166666666
bio11,5,43,4.3156182833333
bio11,5,45,0.4060011833333306
bio11,5,46,3.4684533333333296
bio11,5,48,11.711374
bio11,5,49,3.7273542333333296
bio11,5,52,2.8507095333333297
bio11,5,53,2.6542017666666697
bio11,5,54,1.8229352333333297
bio11,5,55,2.559134483333329
bio11,5,57,1.2777165999999998
bio11,5,60,4.2188368333333
bio11,6,9,6.6790137
bio11,6,10,4.0285115483333005
bio11,6,11,6.163662649999999
bio11,6,12,6.02368115
bio11,6,13,3.9354514933333
bio11,6,23,18.593565650000002
bio11,6,24,12.155784149999999
bio11,6,25,6.08911998333333
bio11,6,26,5.78829065
bio11,6,27,11.18235476666667
bio11,6,28,0.03865098333332995
bio11,6,32,3.3608156833333
bio11,6,33,4.1314126
bio11,6,37,6.82746591666667
bio11,6,42,7.321545316666666
bio11,6,43,2.6441361333332996
bio11,6,45,1.2654809666666695
bio11,6,46,5.13993548333333
bio11,6,48,13.382856149999999
bio11,6,49,5.39883638333333
bio11,6,52,4.52219168333333
bio11,6,53,4.325683916666669
bio11,6,54,3.49441738333333
bio11,6,55,4.230616633333329
bio11,6,57,2.94919875
bio11,6,60,2.5473546833332996
bio11,9,10,10.707525248333301
bio11,9,11,0.51535105
bio11,9,12,0.6553325499999998
bio11,9,13,10.614465193333299
bio11,9,23,11.91455195
bio11,9,24,5.47677045
bio11,9,25,0.58989371666667
bio11,9,26,12.46730435
bio11,9,27,4.50334106666667
bio11,9,28,6.64036271666667
bio11,9,32,10.039829383333299
bio11,9,33,2.5476010999999996
bio11,9,37,0.1484522166666702
bio11,9,42,0.6425316166666661
bio11,9,43,9.3231498333333
bio11,9,45,5.41353273333333
bio11,9,46,1.5390782166666699
bio11,9,48,6.70384245
bio11,9,49,1.28017731666667
bio11,9,52,2.15682201666667
bio11,9,53,2.3533297833333298
bio11,9,54,3.1845963166666698
bio11,9,55,2.4483970666666703
bio11,9,57,3.7298149499999997
bio11,9,60,9.226368383333298
bio11,10,11,10.1921741983333
bio11,10,12,10.0521926983333
bio11,10,13,0.09306005500000047
bio11,10,23,22.6220771983333
bio11,10,24,16.1842956983333
bio11,10,25,10.11763153166663
bio11,10,26,1.7597791016667
bio11,10,27,15.21086631499997
bio11,10,28,4.06716253166663
bio11,10,32,0.6676958650000007
bio11,10,33,8.1599241483333
bio11,10,37,10.85597746499997
bio11,10,42,11.350056864999967
bio11,10,43,1.384375415000001
bio11,10,45,5.29399251499997
bio11,10,46,9.16844703166663
bio11,10,48,17.4113676983333
bio11,10,49,9.427347931666631
bio11,10,52,8.550703231666631
bio11,10,53,8.35419546499997
bio11,10,54,7.52292893166663
bio11,10,55,8.259128181666629
bio11,10,57,6.9777102983333
bio11,10,60,1.4811568650000009
bio11,11,12,0.13998149999999976
bio11,11,13,10.0991141433333
bio11,11,23,12.429903000000001
bio11,11,24,5.9921215
bio11,11,25,0.07454266666666998
bio11,11,26,11.9519533
bio11,11,27,5.018692116666671
bio11,11,28,6.125011666666669
bio11,11,32,9.524478333333299
bio11,11,33,2.0322500499999996
bio11,11,37,0.6638032666666702
bio11,11,42,1.1578826666666662
bio11,11,43,8.807798783333299
bio11,11,45,4.8981816833333305
bio11,11,46,1.0237271666666699
bio11,11,48,7.219193499999999
bio11,11,49,0.7648262666666699
bio11,11,52,1.6414709666666698
bio11,11,53,1.8379787333333297
bio11,11,54,2.6692452666666697
bio11,11,55,1.9330460166666703
bio11,11,57,3.2144638999999997
bio11,11,60,8.711017333333299
bio11,12,13,9.9591326433333
bio11,12,23,12.5698845
bio11,12,24,6.132103
bio11,12,25,0.06543883333332978
bio11,12,26,11.8119718
bio11,12,27,5.15867361666667
bio11,12,28,5.98503016666667
bio11,12,32,9.3844968333333
bio11,12,33,1.8922685499999998
bio11,12,37,0.80378476666667
bio11,12,42,1.297864166666666
bio11,12,43,8.6678172833333
bio11,12,45,4.75820018333333
bio11,12,46,0.8837456666666701
bio11,12,48,7.359175
bio11,12,49,0.6248447666666701
bio11,12,52,1.50148946666667
bio11,12,53,1.69799723333333
bio11,12,54,2.52926376666667
bio11,12,55,1.7930645166666705
bio11,12,57,3.0744824
bio11,12,60,8.5710358333333
bio11,13,23,22.5290171433333
bio11,13,24,16.0912356433333
bio11,13,25,10.02457147666663
bio11,13,26,1.8528391566667004
bio11,13,27,15.11780625999997
bio11,13,28,3.97410247666663
bio11,13,32,0.5746358100000002
bio11,13,33,8.066864093333301
bio11,13,37,10.76291740999997
bio11,13,42,11.256996809999965
bio11,13,43,1.2913153600000005
bio11,13,45,5.20093245999997
bio11,13,46,9.07538697666663
bio11,13,48,17.3183076433333
bio11,13,49,9.334287876666629
bio11,13,52,8.457643176666629
bio11,13,53,8.26113540999997
bio11,13,54,7.42986887666663
bio11,13,55,8.16606812666663
bio11,13,57,6.8846502433333
bio11,13,60,1.3880968100000004
bio11,23,24,6.437781500000001
bio11,23,25,12.50444566666667
bio11,23,26,24.381856300000003
bio11,23,27,7.411210883333331
bio11,23,28,18.55491466666667
bio11,23,32,21.954381333333302
bio11,23,33,14.462153050000001
bio11,23,37,11.76609973333333
bio11,23,42,11.272020333333334
bio11,23,43,21.2377017833333
bio11,23,45,17.32808468333333
bio11,23,46,13.45363016666667
bio11,23,48,5.210709500000001
bio11,23,49,13.19472926666667
bio11,23,52,14.07137396666667
bio11,23,53,14.267881733333331
bio11,23,54,15.09914826666667
bio11,23,55,14.362949016666672
bio11,23,57,15.644366900000001
bio11,23,60,21.1409203333333
bio11,24,25,6.06666416666667
bio11,24,26,17.9440748
bio11,24,27,0.9734293833333298
bio11,24,28,12.117133166666669
bio11,24,32,15.516599833333299
bio11,24,33,8.02437155
bio11,24,37,5.32831823333333
bio11,24,42,4.834238833333334
bio11,24,43,14.7999202833333
bio11,24,45,10.89030318333333
bio11,24,46,7.01584866666667
bio11,24,48,1.2270719999999997
bio11,24,49,6.75694776666667
bio11,24,52,7.63359246666667
bio11,24,53,7.830100233333329
bio11,24,54,8.66136676666667
bio11,24,55,7.92516751666667
bio11,24,57,9.2065854
bio11,24,60,14.703138833333298
bio11,25,26,11.87741063333333
bio11,25,27,5.09323478333334
bio11,25,28,6.050469
bio11,25,32,9.44993566666663
bio11,25,33,1.9577073833333296
bio11,25,37,0.7383459333333402
bio11,25,42,1.2324253333333361
bio11,25,43,8.73325611666663
bio11,25,45,4.82363901666666
bio11,25,46,0.9491844999999999
bio11,25,48,7.29373616666667
bio11,25,49,0.6902835999999999
bio11,25,52,1.5669282999999998
bio11,25,53,1.7634360666666598
bio11,25,54,2.5947025999999997
bio11,25,55,1.8585033500000003
bio11,25,57,3.1399212333333297
bio11,25,60,8.63647466666663
bio11,26,27,16.97064541666667
bio11,26,28,5.82694163333333
bio11,26,32,2.4274749666667006
bio11,26,33,9.919703250000001
bio11,26,37,12.61575656666667
bio11,26,42,13.109835966666665
bio11,26,43,3.144154516666701
bio11,26,45,7.05377161666667
bio11,26,46,10.92822613333333
bio11,26,48,19.1711468
bio11,26,49,11.18712703333333
bio11,26,52,10.31048233333333
bio11,26,53,10.11397456666667
bio11,26,54,9.28270803333333
bio11,26,55,10.01890728333333
bio11,26,57,8.737489400000001
bio11,26,60,3.240935966666701
bio11,27,28,11.14370378333334
bio11,27,32,14.54317044999997
bio11,27,33,7.05094216666667
bio11,27,37,4.35488885
bio11,27,42,3.860809450000004
bio11,27,43,13.82649089999997
bio11,27,45,9.916873800000001
bio11,27,46,6.04241928333334
bio11,27,48,2.2005013833333296
bio11,27,49,5.78351838333334
bio11,27,52,6.66016308333334
bio11,27,53,6.85667085
bio11,27,54,7.68793738333334
bio11,27,55,6.951738133333341
bio11,27,57,8.233156016666669
bio11,27,60,13.72970944999997
bio11,28,32,3.3994666666666298
bio11,28,33,4.09276161666667
bio11,28,37,6.78881493333334
bio11,28,42,7.282894333333336
bio11,28,43,2.6827871166666295
bio11,28,45,1.2268299833333396
bio11,28,46,5.1012845
bio11,28,48,13.344205166666669
bio11,28,49,5.3601854
bio11,28,52,4.4835407
bio11,28,53,4.2870329333333395
bio11,28,54,3.4557664
bio11,28,55,4.191965649999999
bio11,28,57,2.91054776666667
bio11,28,60,2.5860056666666296
bio11,32,33,7.4922282833333
bio11,32,37,10.18828159999997
bio11,32,42,10.682360999999965
bio11,32,43,0.7166795500000003
bio11,32,45,4.626296649999969
bio11,32,46,8.50075116666663
bio11,32,48,16.7436718333333
bio11,32,49,8.759652066666629
bio11,32,52,7.88300736666663
bio11,32,53,7.686499599999969
bio11,32,54,6.85523306666663
bio11,32,55,7.591432316666629
bio11,32,57,6.3100144333333
bio11,32,60,0.8134610000000002
bio11,33,37,2.69605331666667
bio11,33,42,3.1901327166666658
bio11,33,43,6.7755487333332995
bio11,33,45,2.8659316333333305
bio11,33,46,1.0085228833333297
bio11,33,48,9.25144355
bio11,33,49,1.2674237833333297
bio11,33,52,0.3907790833333298
bio11,33,53,0.19427131666666986
bio11,33,54,0.6369952166666701
bio11,33,55,0.09920403333332928
bio11,33,57,1.1822138500000001
bio11,33,60,6.6787672833333
bio11,37,42,0.49407939999999595
bio11,37,43,9.47160204999997
bio11,37,45,5.56198495
bio11,37,46,1.68753043333334
bio11,37,48,6.55539023333333
bio11,37,49,1.42862953333334
bio11,37,52,2.30527423333334
bio11,37,53,2.501782
bio11,37,54,3.33304853333334
bio11,37,55,2.5968492833333405
bio11,37,57,3.87826716666667
bio11,37,60,9.37482059999997
bio11,42,43,9.965681449999966
bio11,42,45,6.056064349999996
bio11,42,46,2.181609833333336
bio11,42,48,6.061310833333334
bio11,42,49,1.922708933333336
bio11,42,52,2.799353633333336
bio11,42,53,2.995861399999996
bio11,42,54,3.827127933333336
bio11,42,55,3.0909286833333365
bio11,42,57,4.372346566666666
bio11,42,60,9.868899999999964
bio11,43,45,3.909617099999969
bio11,43,46,7.78407161666663
bio11,43,48,16.0269922833333
bio11,43,49,8.04297251666663
bio11,43,52,7.166327816666629
bio11,43,53,6.969820049999969
bio11,43,54,6.138553516666629
bio11,43,55,6.874752766666629
bio11,43,57,5.593334883333299
bio11,43,60,0.09678144999999994
bio11,45,46,3.87445451666666
bio11,45,48,12.11737518333333
bio11,45,49,4.13335541666666
bio11,45,52,3.2567107166666602
bio11,45,53,3.0602029500000003
bio11,45,54,2.2289364166666603
bio11,45,55,2.9651356666666597
bio11,45,57,1.6837177833333303
bio11,45,60,3.812835649999969
bio11,46,48,8.24292066666667
bio11,46,49,0.2589009
bio11,46,52,0.6177438
bio11,46,53,0.8142515666666599
bio11,46,54,1.6455180999999999
bio11,46,55,0.9093188500000005
bio11,46,57,2.19073673333333
bio11,46,60,7.68729016666663
bio11,48,49,7.98401976666667
bio11,48,52,8.86066446666667
bio11,48,53,9.057172233333329
bio11,48,54,9.88843876666667
bio11,48,55,9.15223951666667
bio11,48,57,10.4336574
bio11,48,60,15.930210833333298
bio11,49,52,0.8766446999999999
bio11,49,53,1.0731524666666599
bio11,49,54,1.9044189999999999
bio11,49,55,1.1682197500000004
bio11,49,57,2.44963763333333
bio11,49,60,7.946191066666629
bio11,52,53,0.19650776666665992
bio11,52,54,1.0277743
bio11,52,55,0.2915750500000005
bio11,52,57,1.57299293333333
bio11,52,60,7.069546366666629
bio11,53,54,0.83126653333334
bio11,53,55,0.09506728333334058
bio11,53,57,1.37648516666667
bio11,53,60,6.873038599999969
bio11,54,55,0.7361992499999994
bio11,54,57,0.54521863333333
bio11,54,60,6.0417720666666295
bio11,55,57,1.2814178833333294
bio11,55,60,6.777971316666629
bio11,57,60,5.4965534333332995
bio12,1,2,149.92058499999996
bio12,1,4,120.34483388000001
bio12,1,5,343.7285333
bio12,1,6,47.833586999999966
bio12,1,9,500.98173900000006
bio12,1,10,82.883288
bio12,1,11,311.78982199999996
bio12,1,12,481.88545
bio12,1,13,75.73633299999995
bio12,1,23,107.85707400000001
bio12,1,24,974.278489
bio12,1,25,107.33530899999994
bio12,1,26,726.65990054
bio12,1,27,194.42644600000006
bio12,1,28,604.201955
bio12,1,32,341.15128500000003
bio12,1,33,462.849839
bio12,1,37,1884.932674
bio12,1,42,204.68243700000005
bio12,1,43,97.13557546000004
bio12,1,45,388.5077475
bio12,1,46,125.82602099999997
bio12,1,48,235.60591900000009
bio12,1,49,269.2894369999999
bio12,1,52,322.722223
bio12,1,53,326.20764900000006
bio12,1,54,30.092122000000018
bio12,1,55,223.49328100000002
bio12,1,57,61.36112600000001
bio12,1,60,369.77949949000003
bio12,2,4,270.26541887999997
bio12,2,5,493.64911829999994
bio12,2,6,102.086998
bio12,2,9,351.0611540000001
bio12,2,10,67.03729699999997
bio12,2,11,161.869237
bio12,2,12,331.96486500000003
bio12,2,13,74.18425200000001
bio12,2,23,42.06351099999995
bio12,2,24,824.3579040000001
bio12,2,25,42.58527600000002
bio12,2,26,876.5804855399999
bio12,2,27,344.347031
bio12,2,28,454.28137000000004
bio12,2,32,491.07187
bio12,2,33,312.929254
bio12,2,37,1735.0120889999998
bio12,2,42,354.603022
bio12,2,43,247.05616046
bio12,2,45,538.4283324999999
bio12,2,46,275.74660599999993
bio12,2,48,85.68533400000013
bio12,2,49,119.36885199999995
bio12,2,52,472.64280799999995
bio12,2,53,476.128234
bio12,2,54,180.01270699999998
bio12,2,55,73.57269600000006
bio12,2,57,211.28171099999997
bio12,2,60,519.70008449
bio12,4,5,223.38369941999997
bio12,4,6,168.17842087999998
bio12,4,9,621.3265728800001
bio12,4,10,203.22812188
bio12,4,11,432.13465587999997
bio12,4,12,602.23028388
bio12,4,13,196.08116687999996
bio12,4,23,228.20190788000002
bio12,4,24,1094.6233228800002
bio12,4,25,227.68014287999995
bio12,4,26,606.31506666
bio12,4,27,74.08161212000005
bio12,4,28,724.54678888
bio12,4,32,220.80645112000002
bio12,4,33,583.19467288
bio12,4,37,2005.27750788
bio12,4,42,84.33760312000004
bio12,4,43,23.20925841999997
bio12,4,45,268.16291362
bio12,4,46,5.481187119999959
bio12,4,48,355.9507528800001
bio12,4,49,389.6342708799999
bio12,4,52,202.37738911999998
bio12,4,53,205.86281512000005
bio12,4,54,90.25271187999999
bio12,4,55,343.83811488000003
bio12,4,57,58.98370788
bio12,4,60,249.43466561000002
bio12,5,6,391.56212029999995
bio12,5,9,844.7102723
bio12,5,10,426.6118213
bio12,5,11,655.5183552999999
bio12,5,12,825.6139833
bio12,5,13,419.4648662999999
bio12,5,23,451.5856073
bio12,5,24,1318.0070223
bio12,5,25,451.0638422999999
bio12,5,26,382.93136724
bio12,5,27,149.30208729999993
bio12,5,28,947.9304883
bio12,5,32,2.577248299999951
bio12,5,33,806.5783723
bio12,5,37,2228.6612072999997
bio12,5,42,139.04609629999993
bio12,5,43,246.59295783999994
bio12,5,45,44.77921420000001
bio12,5,46,217.9025123
bio12,5,48,579.3344523000001
bio12,5,49,613.0179702999999
bio12,5,52,21.006310299999996
bio12,5,53,17.52088429999992
bio12,5,54,313.63641129999996
bio12,5,55,567.2218143
bio12,5,57,282.36740729999997
bio12,5,60,26.050966190000054
bio12,6,9,453.1481520000001
bio12,6,10,35.04970100000003
bio12,6,11,263.956235
bio12,6,12,434.051863
bio12,6,13,27.90274599999998
bio12,6,23,60.023487000000046
bio12,6,24,926.4449020000001
bio12,6,25,59.50172199999997
bio12,6,26,774.4934875399999
bio12,6,27,242.26003300000002
bio12,6,28,556.368368
bio12,6,32,388.984872
bio12,6,33,415.016252
bio12,6,37,1837.099087
bio12,6,42,252.51602400000002
bio12,6,43,144.96916246
bio12,6,45,436.34133449999996
bio12,6,46,173.65960799999993
bio12,6,48,187.77233200000012
bio12,6,49,221.45584999999994
bio12,6,52,370.55580999999995
bio12,6,53,374.041236
bio12,6,54,77.92570899999998
bio12,6,55,175.65969400000006
bio12,6,57,109.19471299999998
bio12,6,60,417.61308649
bio12,9,10,418.09845100000007
bio12,9,11,189.1919170000001
bio12,9,12,19.09628900000007
bio12,9,13,425.2454060000001
bio12,9,23,393.12466500000005
bio12,9,24,473.29675
bio12,9,25,393.6464300000001
bio12,9,26,1227.6416395400001
bio12,9,27,695.4081850000001
bio12,9,28,103.22021599999994
bio12,9,32,842.1330240000001
bio12,9,33,38.13190000000009
bio12,9,37,1383.9509349999998
bio12,9,42,705.6641760000001
bio12,9,43,598.1173144600001
bio12,9,45,889.4894865000001
bio12,9,46,626.80776
bio12,9,48,265.37582
bio12,9,49,231.69230200000015
bio12,9,52,823.703962
bio12,9,53,827.1893880000001
bio12,9,54,531.0738610000001
bio12,9,55,277.48845800000004
bio12,9,57,562.3428650000001
bio12,9,60,870.7612384900001
bio12,10,11,228.90653399999997
bio12,10,12,399.002162
bio12,10,13,7.146955000000048
bio12,10,23,24.97378600000002
bio12,10,24,891.395201
bio12,10,25,24.452020999999945
bio12,10,26,809.54318854
bio12,10,27,277.30973400000005
bio12,10,28,521.318667
bio12,10,32,424.034573
bio12,10,33,379.966551
bio12,10,37,1802.049386
bio12,10,42,287.56572500000004
bio12,10,43,180.01886346000003
bio12,10,45,471.3910355
bio12,10,46,208.70930899999996
bio12,10,48,152.7226310000001
bio12,10,49,186.4061489999999
bio12,10,52,405.605511
bio12,10,53,409.09093700000005
bio12,10,54,112.97541000000001
bio12,10,55,140.60999300000003
bio12,10,57,144.244414
bio12,10,60,452.66278749
bio12,11,12,170.09562800000003
bio12,11,13,236.053489
bio12,11,23,203.93274799999995
bio12,11,24,662.4886670000001
bio12,11,25,204.45451300000002
bio12,11,26,1038.44972254
bio12,11,27,506.216268
bio12,11,28,292.41213300000004
bio12,11,32,652.941107
bio12,11,33,151.06001700000002
bio12,11,37,1573.142852
bio12,11,42,516.472259
bio12,11,43,408.92539746
bio12,11,45,700.2975695
bio12,11,46,437.6158429999999
bio12,11,48,76.18390299999987
bio12,11,49,42.50038500000005
bio12,11,52,634.512045
bio12,11,53,637.997471
bio12,11,54,341.881944
bio12,11,55,88.29654099999993
bio12,11,57,373.15094799999997
bio12,11,60,681.56932149
bio12,12,13,406.14911700000005
bio12,12,23,374.028376
bio12,12,24,492.39303900000004
bio12,12,25,374.55014100000005
bio12,12,26,1208.54535054
bio12,12,27,676.311896
bio12,12,28,122.316505
bio12,12,32,823.036735
bio12,12,33,19.035611000000017
bio12,12,37,1403.047224
bio12,12,42,686.567887
bio12,12,43,579.02102546
bio12,12,45,870.3931975
bio12,12,46,607.711471
bio12,12,48,246.2795309999999
bio12,12,49,212.59601300000008
bio12,12,52,804.607673
bio12,12,53,808.093099
bio12,12,54,511.977572
bio12,12,55,258.39216899999997
bio12,12,57,543.246576
bio12,12,60,851.66494949
bio12,13,23,32.120741000000066
bio12,13,24,898.5421560000001
bio12,13,25,31.598975999999993
bio12,13,26,802.3962335399999
bio12,13,27,270.162779
bio12,13,28,528.465622
bio12,13,32,416.887618
bio12,13,33,387.11350600000003
bio12,13,37,1809.1963409999998
bio12,13,42,280.41877
bio12,13,43,172.87190846
bio12,13,45,464.24408049999994
bio12,13,46,201.5623539999999
bio12,13,48,159.86958600000014
bio12,13,49,193.55310399999996
bio12,13,52,398.45855599999993
bio12,13,53,401.943982
bio12,13,54,105.82845499999996
bio12,13,55,147.75694800000008
bio12,13,57,137.09745899999996
bio12,13,60,445.51583249
bio12,23,24,866.421415
bio12,23,25,0.5217650000000731
bio12,23,26,834.51697454
bio12,23,27,302.28352000000007
bio12,23,28,496.344881
bio12,23,32,449.00835900000004
bio12,23,33,354.99276499999996
bio12,23,37,1777.0756
bio12,23,42,312.53951100000006
bio12,23,43,204.99264946000005
bio12,23,45,496.3648215
bio12,23,46,233.68309499999998
bio12,23,48,127.74884500000007
bio12,23,49,161.4323629999999
bio12,23,52,430.579297
bio12,23,53,434.0647230000001
bio12,23,54,137.94919600000003
bio12,23,55,115.63620700000001
bio12,23,57,169.21820000000002
bio12,23,60,477.63657349000005
bio12,24,25,866.9431800000001
bio12,24,26,1700.9383895400001
bio12,24,27,1168.7049350000002
bio12,24,28,370.07653400000004
bio12,24,32,1315.4297740000002
bio12,24,33,511.42865000000006
bio12,24,37,910.6541849999999
bio12,24,42,1178.9609260000002
bio12,24,43,1071.4140644600002
bio12,24,45,1362.7862365
bio12,24,46,1100.1045100000001
bio12,24,48,738.67257
bio12,24,49,704.9890520000001
bio12,24,52,1297.000712
bio12,24,53,1300.4861380000002
bio12,24,54,1004.370611
bio12,24,55,750.785208
bio12,24,57,1035.639615
bio12,24,60,1344.05798849
bio12,25,26,833.9952095399999
bio12,25,27,301.761755
bio12,25,28,496.86664600000006
bio12,25,32,448.48659399999997
bio12,25,33,355.51453000000004
bio12,25,37,1777.597365
bio12,25,42,312.017746
bio12,25,43,204.47088445999998
bio12,25,45,495.84305649999993
bio12,25,46,233.1613299999999
bio12,25,48,128.27061000000015
bio12,25,49,161.95412799999997
bio12,25,52,430.0575319999999
bio12,25,53,433.542958
bio12,25,54,137.42743099999996
bio12,25,55,116.15797200000009
bio12,25,57,168.69643499999995
bio12,25,60,477.11480849
bio12,26,27,532.2334545399999
bio12,26,28,1330.86185554
bio12,26,32,385.50861553999994
bio12,26,33,1189.50973954
bio12,26,37,2611.59257454
bio12,26,42,521.9774635399999
bio12,26,43,629.5243250799999
bio12,26,45,338.15215304000003
bio12,26,46,600.83387954
bio12,26,48,962.26581954
bio12,26,49,995.9493375399999
bio12,26,52,403.93767754
bio12,26,53,400.4522515399999
bio12,26,54,696.56777854
bio12,26,55,950.15318154
bio12,26,57,665.29877454
bio12,26,60,356.88040104999993
bio12,27,28,798.628401
bio12,27,32,146.72483899999997
bio12,27,33,657.276285
bio12,27,37,2079.35912
bio12,27,42,10.255990999999995
bio12,27,43,97.29087054000001
bio12,27,45,194.08130149999994
bio12,27,46,68.60042500000009
bio12,27,48,430.03236500000014
bio12,27,49,463.71588299999996
bio12,27,52,128.29577699999993
bio12,27,53,131.781203
bio12,27,54,164.33432400000004
bio12,27,55,417.9197270000001
bio12,27,57,133.06532000000004
bio12,27,60,175.35305348999998
bio12,28,32,945.35324
bio12,28,33,141.35211600000002
bio12,28,37,1280.730719
bio12,28,42,808.884392
bio12,28,43,701.33753046
bio12,28,45,992.7097025
bio12,28,46,730.027976
bio12,28,48,368.5960359999999
bio12,28,49,334.9125180000001
bio12,28,52,926.924178
bio12,28,53,930.4096040000001
bio12,28,54,634.294077
bio12,28,55,380.708674
bio12,28,57,665.563081
bio12,28,60,973.98145449
bio12,32,33,804.001124
bio12,32,37,2226.083959
bio12,32,42,136.46884799999998
bio12,32,43,244.01570954
bio12,32,45,47.356462499999964
bio12,32,46,215.32526400000006
bio12,32,48,576.7572040000001
bio12,32,49,610.4407219999999
bio12,32,52,18.429062000000044
bio12,32,53,14.94363599999997
bio12,32,54,311.059163
bio12,32,55,564.644566
bio12,32,57,279.790159
bio12,32,60,28.628214490000005
bio12,33,37,1422.082835
bio12,33,42,667.532276
bio12,33,43,559.98541446
bio12,33,45,851.3575865
bio12,33,46,588.67586
bio12,33,48,227.2439199999999
bio12,33,49,193.56040200000007
bio12,33,52,785.572062
bio12,33,53,789.057488
bio12,33,54,492.941961
bio12,33,55,239.35655799999995
bio12,33,57,524.210965
bio12,33,60,832.62933849
bio12,37,42,2089.615111
bio12,37,43,1982.06824946
bio12,37,45,2273.4404215
bio12,37,46,2010.758695
bio12,37,48,1649.3267549999998
bio12,37,49,1615.643237
bio12,37,52,2207.654897
bio12,37,53,2211.140323
bio12,37,54,1915.024796
bio12,37,55,1661.4393929999999
bio12,37,57,1946.2938
bio12,37,60,2254.71217349
bio12,42,43,107.54686154000001
bio12,42,45,183.82531049999994
bio12,42,46,78.85641600000008
bio12,42,48,440.28835600000014
bio12,42,49,473.97187399999996
bio12,42,52,118.03978599999994
bio12,42,53,121.52521200000001
bio12,42,54,174.59031500000003
bio12,42,55,428.1757180000001
bio12,42,57,143.32131100000004
bio12,42,60,165.09706248999998
bio12,43,45,291.37217203999995
bio12,43,46,28.690445539999928
bio12,43,48,332.7414944600001
bio12,43,49,366.42501245999995
bio12,43,52,225.58664753999994
bio12,43,53,229.07207354000002
bio12,43,54,67.04345346000002
bio12,43,55,320.62885646000007
bio12,43,57,35.77444946000003
bio12,43,60,272.64392403
bio12,45,46,262.6817265
bio12,45,48,624.1136665000001
bio12,45,49,657.7971845
bio12,45,52,65.78552450000001
bio12,45,53,62.30009849999993
bio12,45,54,358.4156255
bio12,45,55,612.0010285000001
bio12,45,57,327.1466215
bio12,45,60,18.72824800999996
bio12,46,48,361.43194000000005
bio12,46,49,395.1154579999999
bio12,46,52,196.89620200000002
bio12,46,53,200.3816280000001
bio12,46,54,95.73389899999995
bio12,46,55,349.319302
bio12,46,57,64.46489499999996
bio12,46,60,243.95347849000007
bio12,48,49,33.68351799999982
bio12,48,52,558.3281420000001
bio12,48,53,561.8135680000001
bio12,48,54,265.6980410000001
bio12,48,55,12.11263800000006
bio12,48,57,296.9670450000001
bio12,48,60,605.3854184900001
bio12,49,52,592.0116599999999
bio12,49,53,595.497086
bio12,49,54,299.3815589999999
bio12,49,55,45.79615599999988
bio12,49,57,330.6505629999999
bio12,49,60,639.0689364899999
bio12,52,53,3.485426000000075
bio12,52,54,292.63010099999997
bio12,52,55,546.215504
bio12,52,57,261.361097
bio12,52,60,47.05727649000005
bio12,53,54,296.11552700000004
bio12,53,55,549.7009300000001
bio12,53,57,264.84652300000005
bio12,53,60,43.571850489999974
bio12,54,55,253.58540300000004
bio12,54,57,31.269003999999995
bio12,54,60,339.68737749
bio12,55,57,284.85440700000004
bio12,55,60,593.2727804900001
bio12,57,60,308.41837349
bio13,1,2,69.22157
bio13,1,4,81.29656000000001
bio13,1,5,19.292864999999992
bio13,1,6,73.43404
bio13,1,9,35.52691
bio13,1,10,54.004599999999996
bio13,1,11,37.38349000000001
bio13,1,12,36.882009999999994
bio13,1,13,53.84255
bio13,1,23,23.40446999999999
bio13,1,24,120.92653
bio13,1,25,14.413240000000002
bio13,1,26,73.47913299999999
bio13,1,27,25.070499999999996
bio13,1,28,43.93799
bio13,1,32,17.900840000000002
bio13,1,33,71.02334
bio13,1,37,393.84227000000004
bio13,1,42,18.653459999999995
bio13,1,43,75.70314
bio13,1,45,28.642116
bio13,1,46,8.380304999999993
bio13,1,48,37.04191999999999
bio13,1,49,47.088260000000005
bio13,1,52,47.7052
bio13,1,53,49.301719999999996
bio13,1,54,8.580660000000009
bio13,1,55,24.749560000000017
bio13,1,57,18.233676000000003
bio13,1,60,2.827469999999991
bio13,2,4,12.074990000000014
bio13,2,5,88.51443499999999
bio13,2,6,4.212469999999996
bio13,2,9,33.69466
bio13,2,10,15.216970000000003
bio13,2,11,31.83807999999999
bio13,2,12,32.339560000000006
bio13,2,13,15.379019999999997
bio13,2,23,45.81710000000001
bio13,2,24,51.70496
bio13,2,25,54.80833
bio13,2,26,142.700703
bio13,2,27,94.29207
bio13,2,28,25.28358
bio13,2,32,87.12241
bio13,2,33,1.8017700000000048
bio13,2,37,324.62070000000006
bio13,2,42,87.87503
bio13,2,43,6.481570000000005
bio13,2,45,97.863686
bio13,2,46,77.60187499999999
bio13,2,48,32.17965000000001
bio13,2,49,22.133309999999994
bio13,2,52,116.92677
bio13,2,53,118.52329
bio13,2,54,60.64090999999999
bio13,2,55,44.47200999999998
bio13,2,57,87.455246
bio13,2,60,72.04903999999999
bio13,4,5,100.589425
bio13,4,6,7.862520000000018
bio13,4,9,45.76965000000001
bio13,4,10,27.291960000000017
bio13,4,11,43.913070000000005
bio13,4,12,44.41455000000002
bio13,4,13,27.45401000000001
bio13,4,23,57.892090000000024
bio13,4,24,39.629969999999986
bio13,4,25,66.88332000000001
bio13,4,26,154.77569300000002
bio13,4,27,106.36706000000001
bio13,4,28,37.358570000000014
bio13,4,32,99.19740000000002
bio13,4,33,10.27322000000001
bio13,4,37,312.54571
bio13,4,42,99.95002000000001
bio13,4,43,5.593420000000009
bio13,4,45,109.93867600000002
bio13,4,46,89.676865
bio13,4,48,44.25464000000002
bio13,4,49,34.20830000000001
bio13,4,52,129.00176000000002
bio13,4,53,130.59828000000002
bio13,4,54,72.7159
bio13,4,55,56.547
bio13,4,57,99.53023600000002
bio13,4,60,84.12403
bio13,5,6,92.72690499999999
bio13,5,9,54.81977499999999
bio13,5,10,73.29746499999999
bio13,5,11,56.676355
bio13,5,12,56.174874999999986
bio13,5,13,73.135415
bio13,5,23,42.69733499999998
bio13,5,24,140.219395
bio13,5,25,33.706104999999994
bio13,5,26,54.186268000000005
bio13,5,27,5.777635000000004
bio13,5,28,63.23085499999999
bio13,5,32,1.3920249999999896
bio13,5,33,90.316205
bio13,5,37,413.135135
bio13,5,42,0.6394049999999964
bio13,5,43,94.996005
bio13,5,45,9.34925100000001
bio13,5,46,10.91256
bio13,5,48,56.33478499999998
bio13,5,49,66.381125
bio13,5,52,28.412335000000006
bio13,5,53,30.008855000000004
bio13,5,54,27.873525
bio13,5,55,44.04242500000001
bio13,5,57,1.0591889999999893
bio13,5,60,16.465395
bio13,6,9,37.907129999999995
bio13,6,10,19.42944
bio13,6,11,36.05054999999999
bio13,6,12,36.55203
bio13,6,13,19.591489999999993
bio13,6,23,50.02957000000001
bio13,6,24,47.492490000000004
bio13,6,25,59.020799999999994
bio13,6,26,146.913173
bio13,6,27,98.50453999999999
bio13,6,28,29.496049999999997
bio13,6,32,91.33488
bio13,6,33,2.4106999999999914
bio13,6,37,320.40823
bio13,6,42,92.08749999999999
bio13,6,43,2.2691000000000088
bio13,6,45,102.076156
bio13,6,46,81.81434499999999
bio13,6,48,36.392120000000006
bio13,6,49,26.34577999999999
bio13,6,52,121.13924
bio13,6,53,122.73576
bio13,6,54,64.85337999999999
bio13,6,55,48.68447999999998
bio13,6,57,91.667716
bio13,6,60,76.26150999999999
bio13,9,10,18.477689999999996
bio13,9,11,1.8565800000000081
bio13,9,12,1.355099999999993
bio13,9,13,18.315640000000002
bio13,9,23,12.122440000000012
bio13,9,24,85.39962
bio13,9,25,21.11367
bio13,9,26,109.006043
bio13,9,27,60.597409999999996
bio13,9,28,8.411079999999998
bio13,9,32,53.42775
bio13,9,33,35.496430000000004
bio13,9,37,358.31536000000006
bio13,9,42,54.180369999999996
bio13,9,43,40.176230000000004
bio13,9,45,64.169026
bio13,9,46,43.907214999999994
bio13,9,48,1.5150099999999895
bio13,9,49,11.561350000000004
bio13,9,52,83.23211
bio13,9,53,84.82863
bio13,9,54,26.946249999999992
bio13,9,55,10.777349999999984
bio13,9,57,53.760586
bio13,9,60,38.35437999999999
bio13,10,11,16.621109999999987
bio13,10,12,17.122590000000002
bio13,10,13,0.1620499999999936
bio13,10,23,30.600130000000007
bio13,10,24,66.92193
bio13,10,25,39.591359999999995
bio13,10,26,127.483733
bio13,10,27,79.07509999999999
bio13,10,28,10.066609999999997
bio13,10,32,71.90544
bio13,10,33,17.018740000000008
bio13,10,37,339.83767
bio13,10,42,72.65805999999999
bio13,10,43,21.69854000000001
bio13,10,45,82.646716
bio13,10,46,62.38490499999999
bio13,10,48,16.962680000000006
bio13,10,49,6.916339999999991
bio13,10,52,101.7098
bio13,10,53,103.30632
bio13,10,54,45.42393999999999
bio13,10,55,29.25503999999998
bio13,10,57,72.238276
bio13,10,60,56.83206999999999
bio13,11,12,0.501480000000015
bio13,11,13,16.459059999999994
bio13,11,23,13.97902000000002
bio13,11,24,83.54303999999999
bio13,11,25,22.970250000000007
bio13,11,26,110.86262300000001
bio13,11,27,62.453990000000005
bio13,11,28,6.55449999999999
bio13,11,32,55.28433000000001
bio13,11,33,33.639849999999996
bio13,11,37,356.45878000000005
bio13,11,42,56.036950000000004
bio13,11,43,38.319649999999996
bio13,11,45,66.02560600000001
bio13,11,46,45.763795
bio13,11,48,0.3415700000000186
bio13,11,49,9.704769999999996
bio13,11,52,85.08869000000001
bio13,11,53,86.68521000000001
bio13,11,54,28.80283
bio13,11,55,12.633929999999992
bio13,11,57,55.61716600000001
bio13,11,60,40.21096
bio13,12,13,16.96054000000001
bio13,12,23,13.477540000000005
bio13,12,24,84.04452
bio13,12,25,22.468769999999992
bio13,12,26,110.361143
bio13,12,27,61.95250999999999
bio13,12,28,7.055980000000005
bio13,12,32,54.782849999999996
bio13,12,33,34.14133000000001
bio13,12,37,356.96026000000006
bio13,12,42,55.53546999999999
bio13,12,43,38.82113000000001
bio13,12,45,65.524126
bio13,12,46,45.26231499999999
bio13,12,48,0.15990999999999644
bio13,12,49,10.206250000000011
bio13,12,52,84.58721
bio13,12,53,86.18373
bio13,12,54,28.301349999999985
bio13,12,55,12.132449999999977
bio13,12,57,55.115686
bio13,12,60,39.709479999999985
bio13,13,23,30.438080000000014
bio13,13,24,67.08398
bio13,13,25,39.42931
bio13,13,26,127.32168300000001
bio13,13,27,78.91305
bio13,13,28,9.904560000000004
bio13,13,32,71.74339
bio13,13,33,17.180790000000002
bio13,13,37,339.99972
bio13,13,42,72.49601
bio13,13,43,21.860590000000002
bio13,13,45,82.484666
bio13,13,46,62.222854999999996
bio13,13,48,16.800630000000012
bio13,13,49,6.7542899999999975
bio13,13,52,101.54775000000001
bio13,13,53,103.14427
bio13,13,54,45.261889999999994
bio13,13,55,29.092989999999986
bio13,13,57,72.076226
bio13,13,60,56.670019999999994
bio13,23,24,97.52206000000001
bio13,23,25,8.991229999999987
bio13,23,26,96.883603
bio13,23,27,48.474969999999985
bio13,23,28,20.53352000000001
bio13,23,32,41.30530999999999
bio13,23,33,47.618870000000015
bio13,23,37,370.43780000000004
bio13,23,42,42.057929999999985
bio13,23,43,52.298670000000016
bio13,23,45,52.04658599999999
bio13,23,46,31.784774999999982
bio13,23,48,13.637450000000001
bio13,23,49,23.683790000000016
bio13,23,52,71.10967
bio13,23,53,72.70618999999999
bio13,23,54,14.82380999999998
bio13,23,55,1.3450900000000274
bio13,23,57,41.63814599999999
bio13,23,60,26.23193999999998
bio13,24,25,106.51329
bio13,24,26,194.405663
bio13,24,27,145.99703
bio13,24,28,76.98854
bio13,24,32,138.82737
bio13,24,33,49.903189999999995
bio13,24,37,272.91574
bio13,24,42,139.57999
bio13,24,43,45.223389999999995
bio13,24,45,149.568646
bio13,24,46,129.30683499999998
bio13,24,48,83.88461000000001
bio13,24,49,73.83827
bio13,24,52,168.63173
bio13,24,53,170.22825
bio13,24,54,112.34586999999999
bio13,24,55,96.17696999999998
bio13,24,57,139.16020600000002
bio13,24,60,123.75399999999999
bio13,25,26,87.89237299999999
bio13,25,27,39.48374
bio13,25,28,29.524749999999997
bio13,25,32,32.314080000000004
bio13,25,33,56.6101
bio13,25,37,379.42903
bio13,25,42,33.0667
bio13,25,43,61.2899
bio13,25,45,43.055356
bio13,25,46,22.793544999999995
bio13,25,48,22.62867999999999
bio13,25,49,32.67502
bio13,25,52,62.11844
bio13,25,53,63.71496
bio13,25,54,5.832579999999993
bio13,25,55,10.336320000000015
bio13,25,57,32.646916000000004
bio13,25,60,17.240709999999993
bio13,26,27,48.408633
bio13,26,28,117.417123
bio13,26,32,55.578292999999995
bio13,26,33,144.502473
bio13,26,37,467.32140300000003
bio13,26,42,54.825673
bio13,26,43,149.182273
bio13,26,45,44.837016999999996
bio13,26,46,65.098828
bio13,26,48,110.521053
bio13,26,49,120.56739300000001
bio13,26,52,25.773933
bio13,26,53,24.177413
bio13,26,54,82.05979300000001
bio13,26,55,98.22869300000002
bio13,26,57,55.245456999999995
bio13,26,60,70.65166300000001
bio13,27,28,69.00849
bio13,27,32,7.169659999999993
bio13,27,33,96.09384
bio13,27,37,418.91277
bio13,27,42,6.41704
bio13,27,43,100.77364
bio13,27,45,3.571616000000006
bio13,27,46,16.690195000000003
bio13,27,48,62.112419999999986
bio13,27,49,72.15876
bio13,27,52,22.634700000000002
bio13,27,53,24.23122
bio13,27,54,33.651160000000004
bio13,27,55,49.82006000000001
bio13,27,57,6.836823999999993
bio13,27,60,22.243030000000005
bio13,28,32,61.83883
bio13,28,33,27.085350000000005
bio13,28,37,349.90428
bio13,28,42,62.591449999999995
bio13,28,43,31.765150000000006
bio13,28,45,72.580106
bio13,28,46,52.31829499999999
bio13,28,48,6.896070000000009
bio13,28,49,3.150270000000006
bio13,28,52,91.64319
bio13,28,53,93.23971
bio13,28,54,35.35732999999999
bio13,28,55,19.188429999999983
bio13,28,57,62.171666
bio13,28,60,46.76545999999999
bio13,32,33,88.92418
bio13,32,37,411.74311
bio13,32,42,0.7526199999999932
bio13,32,43,93.60398
bio13,32,45,10.741276
bio13,32,46,9.52053500000001
bio13,32,48,54.94275999999999
bio13,32,49,64.98910000000001
bio13,32,52,29.804359999999996
bio13,32,53,31.400879999999994
bio13,32,54,26.48150000000001
bio13,32,55,42.65040000000002
bio13,32,57,0.33283600000000035
bio13,32,60,15.073370000000011
bio13,33,37,322.81893
bio13,33,42,89.6768
bio13,33,43,4.6798
bio13,33,45,99.665456
bio13,33,46,79.403645
bio13,33,48,33.981420000000014
bio13,33,49,23.93508
bio13,33,52,118.72854000000001
bio13,33,53,120.32506000000001
bio13,33,54,62.442679999999996
bio13,33,55,46.27377999999999
bio13,33,57,89.25701600000001
bio13,33,60,73.85081
bio13,37,42,412.49573000000004
bio13,37,43,318.13913
bio13,37,45,422.48438600000003
bio13,37,46,402.222575
bio13,37,48,356.80035000000004
bio13,37,49,346.75401
bio13,37,52,441.54747000000003
bio13,37,53,443.14399000000003
bio13,37,54,385.26161
bio13,37,55,369.09271
bio13,37,57,412.07594600000004
bio13,37,60,396.66974000000005
bio13,42,43,94.3566
bio13,42,45,9.988656000000006
bio13,42,46,10.273155000000003
bio13,42,48,55.695379999999986
bio13,42,49,65.74172
bio13,42,52,29.051740000000002
bio13,42,53,30.64826
bio13,42,54,27.234120000000004
bio13,42,55,43.40302000000001
bio13,42,57,0.41978399999999283
bio13,42,60,15.825990000000004
bio13,43,45,104.345256
bio13,43,46,84.083445
bio13,43,48,38.661220000000014
bio13,43,49,28.61488
bio13,43,52,123.40834000000001
bio13,43,53,125.00486000000001
bio13,43,54,67.12248
bio13,43,55,50.95357999999999
bio13,43,57,93.93681600000001
bio13,43,60,78.53061
bio13,45,46,20.26181100000001
bio13,45,48,65.68403599999999
bio13,45,49,75.730376
bio13,45,52,19.063083999999996
bio13,45,53,20.659603999999995
bio13,45,54,37.22277600000001
bio13,45,55,53.39167600000002
bio13,45,57,10.408439999999999
bio13,45,60,25.81464600000001
bio13,46,48,45.42222499999998
bio13,46,49,55.468565
bio13,46,52,39.324895000000005
bio13,46,53,40.921415
bio13,46,54,16.960965
bio13,46,55,33.12986500000001
bio13,46,57,9.85337100000001
bio13,46,60,5.552835000000002
bio13,48,49,10.046340000000015
bio13,48,52,84.74712
bio13,48,53,86.34364
bio13,48,54,28.46125999999998
bio13,48,55,12.292359999999974
bio13,48,57,55.27559599999999
bio13,48,60,39.86938999999998
bio13,49,52,94.79346000000001
bio13,49,53,96.38998000000001
bio13,49,54,38.5076
bio13,49,55,22.33869999999999
bio13,49,57,65.32193600000001
bio13,49,60,49.915729999999996
bio13,52,53,1.5965199999999982
bio13,52,54,56.28586000000001
bio13,52,55,72.45476000000002
bio13,52,57,29.471523999999995
bio13,52,60,44.87773000000001
bio13,53,54,57.882380000000005
bio13,53,55,74.05128000000002
bio13,53,57,31.068043999999993
bio13,53,60,46.474250000000005
bio13,54,55,16.168900000000008
bio13,54,57,26.81433600000001
bio13,54,60,11.40813
bio13,55,57,42.98323600000002
bio13,55,60,27.577030000000008
bio13,57,60,15.406206000000012
bio14,1,2,19.851299000000004
bio14,1,4,35.84621708
bio14,1,5,31.1070713
bio14,1,6,0.06961000000000439
bio14,1,9,49.81132099999999
bio14,1,10,10.332830000000005
bio14,1,11,23.167972999999996
bio14,1,12,47.437006
bio14,1,13,11.394466000000005
bio14,1,23,4.295191000000003
bio14,1,24,39.463545999999994
bio14,1,25,5.318020000000004
bio14,1,26,35.775731500000006
bio14,1,27,2.994185999999999
bio14,1,28,65.953671
bio14,1,32,32.494691
bio14,1,33,24.165969999999994
bio14,1,37,63.499095999999994
bio14,1,42,21.257572000000003
bio14,1,43,35.85342966
bio14,1,45,32.5355865
bio14,1,46,1.641758000000003
bio14,1,48,32.982890999999995
bio14,1,49,9.699710999999994
bio14,1,52,12.370924000000002
bio14,1,53,12.948964000000004
bio14,1,54,0.1759489999999957
bio14,1,55,22.52552
bio14,1,57,3.644847999999996
bio14,1,60,35.995540090000006
bio14,2,4,15.99491808
bio14,2,5,11.255772299999999
bio14,2,6,19.781689
bio14,2,9,69.66262
bio14,2,10,9.518469
bio14,2,11,43.019272
bio14,2,12,67.28830500000001
bio14,2,13,8.456833
bio14,2,23,15.556108000000002
bio14,2,24,59.314845
bio14,2,25,14.533279
bio14,2,26,15.924432499999998
bio14,2,27,22.845485000000004
bio14,2,28,85.80497
bio14,2,32,12.643391999999999
bio14,2,33,44.017269
bio14,2,37,83.35039499999999
bio14,2,42,1.4062729999999988
bio14,2,43,16.00213066
bio14,2,45,12.6842875
bio14,2,46,18.209541
bio14,2,48,52.83419
bio14,2,49,29.551009999999998
bio14,2,52,7.480375000000002
bio14,2,53,6.902335000000001
bio14,2,54,20.027248
bio14,2,55,42.376819000000005
bio14,2,57,23.496147
bio14,2,60,16.144241089999998
bio14,4,5,4.73914578
bio14,4,6,35.77660708
bio14,4,9,85.65753808
bio14,4,10,25.513387079999998
bio14,4,11,59.01419008
bio14,4,12,83.28322308
bio14,4,13,24.451751079999998
bio14,4,23,31.55102608
bio14,4,24,75.30976308
bio14,4,25,30.528197079999998
bio14,4,26,0.07048557999999999
bio14,4,27,38.84040308
bio14,4,28,101.79988808
bio14,4,32,3.3515260799999997
bio14,4,33,60.01218708
bio14,4,37,99.34531308
bio14,4,42,14.588645080000001
bio14,4,43,0.0072125799999999685
bio14,4,45,3.3106305799999998
bio14,4,46,34.20445908
bio14,4,48,68.82910808
bio14,4,49,45.545928079999996
bio14,4,52,23.47529308
bio14,4,53,22.89725308
bio14,4,54,36.02216608
bio14,4,55,58.37173708
bio14,4,57,39.49106508
bio14,4,60,0.14932301
bio14,5,6,31.037461299999997
bio14,5,9,80.9183923
bio14,5,10,20.7742413
bio14,5,11,54.2750443
bio14,5,12,78.5440773
bio14,5,13,19.7126053
bio14,5,23,26.8118803
bio14,5,24,70.5706173
bio14,5,25,25.789051299999997
bio14,5,26,4.668660200000001
bio14,5,27,34.1012573
bio14,5,28,97.0607423
bio14,5,32,1.3876197000000006
bio14,5,33,55.273041299999996
bio14,5,37,94.6061673
bio14,5,42,9.8494993
bio14,5,43,4.74635836
bio14,5,45,1.4285152000000005
bio14,5,46,29.4653133
bio14,5,48,64.0899623
bio14,5,49,40.806782299999995
bio14,5,52,18.7361473
bio14,5,53,18.158107299999998
bio14,5,54,31.283020299999997
bio14,5,55,53.6325913
bio14,5,57,34.7519193
bio14,5,60,4.88846879
bio14,6,9,49.880931
bio14,6,10,10.26322
bio14,6,11,23.237583
bio14,6,12,47.506616
bio14,6,13,11.324856
bio14,6,23,4.225580999999998
bio14,6,24,39.533156
bio14,6,25,5.24841
bio14,6,26,35.7061215
bio14,6,27,3.0637960000000035
bio14,6,28,66.023281
bio14,6,32,32.425081
bio14,6,33,24.23558
bio14,6,37,63.568706
bio14,6,42,21.187962
bio14,6,43,35.78381966
bio14,6,45,32.4659765
bio14,6,46,1.5721479999999985
bio14,6,48,33.052501
bio14,6,49,9.769320999999998
bio14,6,52,12.301313999999998
bio14,6,53,12.879354
bio14,6,54,0.24555900000000008
bio14,6,55,22.595130000000005
bio14,6,57,3.7144580000000005
bio14,6,60,35.92593009
bio14,9,10,60.144150999999994
bio14,9,11,26.643347999999996
bio14,9,12,2.3743149999999957
bio14,9,13,61.205787
bio14,9,23,54.106511999999995
bio14,9,24,10.347774999999999
bio14,9,25,55.129341
bio14,9,26,85.5870525
bio14,9,27,46.81713499999999
bio14,9,28,16.142350000000008
bio14,9,32,82.306012
bio14,9,33,25.645350999999998
bio14,9,37,13.687775000000002
bio14,9,42,71.068893
bio14,9,43,85.66475066
bio14,9,45,82.3469075
bio14,9,46,51.453078999999995
bio14,9,48,16.828429999999997
bio14,9,49,40.11161
bio14,9,52,62.182244999999995
bio14,9,53,62.760284999999996
bio14,9,54,49.635372
bio14,9,55,27.285800999999992
bio14,9,57,46.166472999999996
bio14,9,60,85.80686109
bio14,10,11,33.500803000000005
bio14,10,12,57.769836
bio14,10,13,1.061636
bio14,10,23,6.037639000000002
bio14,10,24,49.796375999999995
bio14,10,25,5.014810000000001
bio14,10,26,25.442901499999998
bio14,10,27,13.327016000000004
bio14,10,28,76.286501
bio14,10,32,22.161861
bio14,10,33,34.4988
bio14,10,37,73.831926
bio14,10,42,10.924741999999998
bio14,10,43,25.52059966
bio14,10,45,22.2027565
bio14,10,46,8.691072000000002
bio14,10,48,43.315720999999996
bio14,10,49,20.032541
bio14,10,52,2.0380939999999974
bio14,10,53,2.616133999999999
bio14,10,54,10.508779
bio14,10,55,32.85835
bio14,10,57,13.977678000000001
bio14,10,60,25.662710089999997
bio14,11,12,24.269033
bio14,11,13,34.562439
bio14,11,23,27.463164
bio14,11,24,16.295572999999997
bio14,11,25,28.485993
bio14,11,26,58.9437045
bio14,11,27,20.173786999999997
bio14,11,28,42.785698000000004
bio14,11,32,55.662664
bio14,11,33,0.997996999999998
bio14,11,37,40.331123
bio14,11,42,44.425545
bio14,11,43,59.02140266
bio14,11,45,55.7035595
bio14,11,46,24.809731
bio14,11,48,9.814917999999999
bio14,11,49,13.468262000000003
bio14,11,52,35.538897
bio14,11,53,36.116937
bio14,11,54,22.992024
bio14,11,55,0.6424529999999962
bio14,11,57,19.523125
bio14,11,60,59.16351309
bio14,12,13,58.831472000000005
bio14,12,23,51.732197
bio14,12,24,7.973460000000003
bio14,12,25,52.755026
bio14,12,26,83.2127375
bio14,12,27,44.44282
bio14,12,28,18.516665000000003
bio14,12,32,79.931697
bio14,12,33,23.271036000000002
bio14,12,37,16.062089999999998
bio14,12,42,68.694578
bio14,12,43,83.29043566
bio14,12,45,79.9725925
bio14,12,46,49.078764
bio14,12,48,14.454115000000002
bio14,12,49,37.737295
bio14,12,52,59.80793
bio14,12,53,60.38597
bio14,12,54,47.261057
bio14,12,55,24.911485999999996
bio14,12,57,43.792158
bio14,12,60,83.43254609
bio14,13,23,7.099275000000002
bio14,13,24,50.858012
bio14,13,25,6.076446000000001
bio14,13,26,24.381265499999998
bio14,13,27,14.388652000000004
bio14,13,28,77.34813700000001
bio14,13,32,21.100225
bio14,13,33,35.560435999999996
bio14,13,37,74.893562
bio14,13,42,9.863105999999998
bio14,13,43,24.45896366
bio14,13,45,21.1411205
bio14,13,46,9.752708000000002
bio14,13,48,44.377357
bio14,13,49,21.094177
bio14,13,52,0.9764579999999974
bio14,13,53,1.5544979999999988
bio14,13,54,11.570415
bio14,13,55,33.91998600000001
bio14,13,57,15.039314000000001
bio14,13,60,24.601074089999997
bio14,23,24,43.758736999999996
bio14,23,25,1.0228290000000015
bio14,23,26,31.4805405
bio14,23,27,7.289377000000002
bio14,23,28,70.248862
bio14,23,32,28.1995
bio14,23,33,28.461160999999997
bio14,23,37,67.794287
bio14,23,42,16.962381
bio14,23,43,31.55823866
bio14,23,45,28.2403955
bio14,23,46,2.6534329999999997
bio14,23,48,37.278082
bio14,23,49,13.994901999999996
bio14,23,52,8.075733
bio14,23,53,8.653773000000001
bio14,23,54,4.471139999999998
bio14,23,55,26.820711000000003
bio14,23,57,7.940038999999999
bio14,23,60,31.70034909
bio14,24,25,44.781566
bio14,24,26,75.2392775
bio14,24,27,36.469359999999995
bio14,24,28,26.490125000000006
bio14,24,32,71.958237
bio14,24,33,15.297576
bio14,24,37,24.03555
bio14,24,42,60.721118
bio14,24,43,75.31697566
bio14,24,45,71.9991325
bio14,24,46,41.105304
bio14,24,48,6.480654999999999
bio14,24,49,29.763835
bio14,24,52,51.834469999999996
bio14,24,53,52.41251
bio14,24,54,39.287597
bio14,24,55,16.938025999999994
bio14,24,57,35.818698
bio14,24,60,75.45908609
bio14,25,26,30.4577115
bio14,25,27,8.312206000000003
bio14,25,28,71.271691
bio14,25,32,27.176671
bio14,25,33,29.48399
bio14,25,37,68.817116
bio14,25,42,15.939551999999999
bio14,25,43,30.53540966
bio14,25,45,27.2175665
bio14,25,46,3.6762620000000013
bio14,25,48,38.300911
bio14,25,49,15.017730999999998
bio14,25,52,7.052903999999998
bio14,25,53,7.6309439999999995
bio14,25,54,5.493969
bio14,25,55,27.843540000000004
bio14,25,57,8.962868
bio14,25,60,30.677520089999998
bio14,26,27,38.769917500000005
bio14,26,28,101.7294025
bio14,26,32,3.2810404999999996
bio14,26,33,59.9417015
bio14,26,37,99.2748275
bio14,26,42,14.5181595
bio14,26,43,0.07769815999999996
bio14,26,45,3.240145
bio14,26,46,34.1339735
bio14,26,48,68.7586225
bio14,26,49,45.4754425
bio14,26,52,23.4048075
bio14,26,53,22.8267675
bio14,26,54,35.9516805
bio14,26,55,58.301251500000006
bio14,26,57,39.4205795
bio14,26,60,0.21980859
bio14,27,28,62.959485
bio14,27,32,35.488877
bio14,27,33,21.171783999999995
bio14,27,37,60.504909999999995
bio14,27,42,24.251758000000002
bio14,27,43,38.84761566
bio14,27,45,35.5297725
bio14,27,46,4.635944000000002
bio14,27,48,29.988704999999996
bio14,27,49,6.705524999999994
bio14,27,52,15.365110000000001
bio14,27,53,15.943150000000003
bio14,27,54,2.8182370000000034
bio14,27,55,19.531334
bio14,27,57,0.650661999999997
bio14,27,60,38.989726090000005
bio14,28,32,98.448362
bio14,28,33,41.787701000000006
bio14,28,37,2.4545750000000055
bio14,28,42,87.211243
bio14,28,43,101.80710066
bio14,28,45,98.48925750000001
bio14,28,46,67.595429
bio14,28,48,32.970780000000005
bio14,28,49,56.253960000000006
bio14,28,52,78.324595
bio14,28,53,78.902635
bio14,28,54,65.77772200000001
bio14,28,55,43.428151
bio14,28,57,62.308823000000004
bio14,28,60,101.94921109
bio14,32,33,56.660661
bio14,32,37,95.993787
bio14,32,42,11.237119
bio14,32,43,3.3587386599999998
bio14,32,45,0.040895499999999974
bio14,32,46,30.852933
bio14,32,48,65.477582
bio14,32,49,42.194402
bio14,32,52,20.123767
bio14,32,53,19.545727
bio14,32,54,32.67064
bio14,32,55,55.020211
bio14,32,57,36.139539
bio14,32,60,3.50084909
bio14,33,37,39.333126
bio14,33,42,45.423542
bio14,33,43,60.01939966
bio14,33,45,56.701556499999995
bio14,33,46,25.807727999999997
bio14,33,48,8.816921
bio14,33,49,14.466259
bio14,33,52,36.536894
bio14,33,53,37.114934
bio14,33,54,23.990021
bio14,33,55,1.6404499999999942
bio14,33,57,20.521122
bio14,33,60,60.16151009
bio14,37,42,84.75666799999999
bio14,37,43,99.35252566
bio14,37,45,96.0346825
bio14,37,46,65.14085399999999
bio14,37,48,30.516205
bio14,37,49,53.799385
bio14,37,52,75.87002
bio14,37,53,76.44806
bio14,37,54,63.323147
bio14,37,55,40.973575999999994
bio14,37,57,59.854248
bio14,37,60,99.49463609
bio14,42,43,14.59585766
bio14,42,45,11.278014500000001
bio14,42,46,19.615814
bio14,42,48,54.240463
bio14,42,49,30.957282999999997
bio14,42,52,8.886648000000001
bio14,42,53,8.308608
bio14,42,54,21.433521
bio14,42,55,43.783092
bio14,42,57,24.90242
bio14,42,60,14.73796809
bio14,43,45,3.31784316
bio14,43,46,34.21167166
bio14,43,48,68.83632066
bio14,43,49,45.55314066
bio14,43,52,23.48250566
bio14,43,53,22.90446566
bio14,43,54,36.02937866
bio14,43,55,58.37894966
bio14,43,57,39.49827766
bio14,43,60,0.14211043000000004
bio14,45,46,30.8938285
bio14,45,48,65.5184775
bio14,45,49,42.235297499999994
bio14,45,52,20.164662500000002
bio14,45,53,19.5866225
bio14,45,54,32.7115355
bio14,45,55,55.0611065
bio14,45,57,36.1804345
bio14,45,60,3.45995359
bio14,46,48,34.624649
bio14,46,49,11.341468999999996
bio14,46,52,10.729166
bio14,46,53,11.307206
bio14,46,54,1.8177069999999986
bio14,46,55,24.167278000000003
bio14,46,57,5.286605999999999
bio14,46,60,34.35378209
bio14,48,49,23.28318
bio14,48,52,45.353815
bio14,48,53,45.931855
bio14,48,54,32.806942
bio14,48,55,10.457370999999995
bio14,48,57,29.338043
bio14,48,60,68.97843109
bio14,49,52,22.070634999999996
bio14,49,53,22.648674999999997
bio14,49,54,9.523761999999998
bio14,49,55,12.825809000000007
bio14,49,57,6.054862999999997
bio14,49,60,45.69525109
bio14,52,53,0.5780400000000014
bio14,52,54,12.546872999999998
bio14,52,55,34.896444
bio14,52,57,16.015772
bio14,52,60,23.62461609
bio14,53,54,13.124913
bio14,53,55,35.474484000000004
bio14,53,57,16.593812
bio14,53,60,23.04657609
bio14,54,55,22.349571000000005
bio14,54,57,3.4688990000000004
bio14,54,60,36.17148909
bio14,55,57,18.880672000000004
bio14,55,60,58.521060090000006
bio14,57,60,39.64038809
bio15,1,2,22.356511132549898
bio15,1,4,55.324239495445795
bio15,1,5,33.1038762780487
bio15,1,6,17.3183591356605
bio15,1,9,17.635012271178304
bio15,1,10,14.863483985882397
bio15,1,11,7.810323129157403
bio15,1,12,16.391520818094
bio15,1,13,15.259131514065494
bio15,1,23,10.9685122655182
bio15,1,24,1.2452852078089975
bio15,1,25,3.6189670627155976
bio15,1,26,58.4321897358611
bio15,1,27,9.115384035234001
bio15,1,28,19.492708039290402
bio15,1,32,24.450309576706594
bio15,1,33,3.416846289788303
bio15,1,37,16.275742563649295
bio15,1,42,8.3804155794341
bio15,1,43,56.8725456947016
bio15,1,45,28.451855272240195
bio15,1,46,1.8086043833726038
bio15,1,48,8.823295892755802
bio15,1,49,0.20803065572940227
bio15,1,52,8.601280489547705
bio15,1,53,8.810670225476304
bio15,1,54,2.7751263608220995
bio15,1,55,6.137437964613202
bio15,1,57,7.257141512553204
bio15,1,60,68.75228198890859
bio15,2,4,32.9677283628959
bio15,2,5,10.747365145498804
bio15,2,6,5.038151996889397
bio15,2,9,39.9915234037282
bio15,2,10,7.493027146667501
bio15,2,11,30.1668342617073
bio15,2,12,38.7480319506439
bio15,2,13,7.097379618484403
bio15,2,23,11.387998867031698
bio15,2,24,21.1112259247409
bio15,2,25,18.7375440698343
bio15,2,26,36.075678603311204
bio15,2,27,31.4718951677839
bio15,2,28,41.8492191718403
bio15,2,32,2.093798444156697
bio15,2,33,25.7733574223382
bio15,2,37,6.080768568900602
bio15,2,42,13.976095553115798
bio15,2,43,34.5160345621517
bio15,2,45,6.095344139690297
bio15,2,46,24.1651155159225
bio15,2,48,31.1798070253057
bio15,2,49,22.5645417882793
bio15,2,52,30.957791622097602
bio15,2,53,31.167181358026202
bio15,2,54,19.581384771727798
bio15,2,55,28.4939490971631
bio15,2,57,29.6136526451031
bio15,2,60,46.395770856358695
bio15,4,5,22.220363217397093
bio15,4,6,38.005880359785294
bio15,4,9,72.95925176662409
bio15,4,10,40.4607555095634
bio15,4,11,63.1345626246032
bio15,4,12,71.7157603135398
bio15,4,13,40.0651079813803
bio15,4,23,44.355727229927595
bio15,4,24,54.0789542876368
bio15,4,25,51.7052724327302
bio15,4,26,3.107950240415306
bio15,4,27,64.4396235306798
bio15,4,28,74.8169475347362
bio15,4,32,30.8739299187392
bio15,4,33,58.7410857852341
bio15,4,37,39.0484969317965
bio15,4,42,46.943823916011695
bio15,4,43,1.548306199255805
bio15,4,45,26.8723842232056
bio15,4,46,57.1328438788184
bio15,4,48,64.14753538820159
bio15,4,49,55.5322701511752
bio15,4,52,63.9255199849935
bio15,4,53,64.1349097209221
bio15,4,54,52.549113134623695
bio15,4,55,61.46167746005899
bio15,4,57,62.581381007999
bio15,4,60,13.428042493462797
bio15,5,6,15.785517142388201
bio15,5,9,50.738888549227006
bio15,5,10,18.240392292166305
bio15,5,11,40.914199407206105
bio15,5,12,49.4953970961427
bio15,5,13,17.844744763983208
bio15,5,23,22.135364012530502
bio15,5,24,31.858591070239704
bio15,5,25,29.484909215333104
bio15,5,26,25.3283134578124
bio15,5,27,42.2192603132827
bio15,5,28,52.59658431733911
bio15,5,32,8.653566701342108
bio15,5,33,36.520722567837005
bio15,5,37,16.828133714399407
bio15,5,42,24.723460698614602
bio15,5,43,23.768669416652898
bio15,5,45,4.652021005808507
bio15,5,46,34.912480661421306
bio15,5,48,41.9271721708045
bio15,5,49,33.311906933778104
bio15,5,52,41.70515676759641
bio15,5,53,41.914546503525
bio15,5,54,30.328749917226602
bio15,5,55,39.2413142426619
bio15,5,57,40.361017790601906
bio15,5,60,35.64840571085989
bio15,6,9,34.953371406838805
bio15,6,10,2.454875149778104
bio15,6,11,25.128682264817904
bio15,6,12,33.7098799537545
bio15,6,13,2.0592276215950065
bio15,6,23,6.349846870142301
bio15,6,24,16.073073927851503
bio15,6,25,13.699392072944903
bio15,6,26,41.1138306002006
bio15,6,27,26.433743170894502
bio15,6,28,36.81106717495091
bio15,6,32,7.131950441046094
bio15,6,33,20.735205425448804
bio15,6,37,1.0426165720112053
bio15,6,42,8.9379435562264
bio15,6,43,39.5541865590411
bio15,6,45,11.133496136579694
bio15,6,46,19.126963519033104
bio15,6,48,26.141655028416302
bio15,6,49,17.526389791389903
bio15,6,52,25.919639625208205
bio15,6,53,26.129029361136805
bio15,6,54,14.543232774838401
bio15,6,55,23.455797100273703
bio15,6,57,24.575500648213705
bio15,6,60,51.43392285324809
bio15,9,10,32.4984962570607
bio15,9,11,9.8246891420209
bio15,9,12,1.2434914530842995
bio15,9,13,32.8941437852438
bio15,9,23,28.603524536696504
bio15,9,24,18.880297478987302
bio15,9,25,21.253979333893902
bio15,9,26,76.0672020070394
bio15,9,27,8.519628235944301
bio15,9,28,1.8576957681120998
bio15,9,32,42.0853218478849
bio15,9,33,14.21816598139
bio15,9,37,33.9107548348276
bio15,9,42,26.015427850612404
bio15,9,43,74.5075579658799
bio15,9,45,46.0868675434185
bio15,9,46,15.826407887805699
bio15,9,48,8.811716378422501
bio15,9,49,17.426981615448902
bio15,9,52,9.033731781630598
bio15,9,53,8.824342045701998
bio15,9,54,20.410138632000404
bio15,9,55,11.4975743065651
bio15,9,57,10.377870758625098
bio15,9,60,86.38729426008689
bio15,10,11,22.6738071150398
bio15,10,12,31.255004803976398
bio15,10,13,0.39564752818309756
bio15,10,23,3.8949717203641967
bio15,10,24,13.618198778073399
bio15,10,25,11.244516923166799
bio15,10,26,43.568705749978704
bio15,10,27,23.978868021116398
bio15,10,28,34.3561920251728
bio15,10,32,9.586825590824198
bio15,10,33,18.2803302756707
bio15,10,37,1.4122585777668988
bio15,10,42,6.483068406448297
bio15,10,43,42.0090617088192
bio15,10,45,13.588371286357798
bio15,10,46,16.672088369255
bio15,10,48,23.6867798786382
bio15,10,49,15.071514641611799
bio15,10,52,23.4647644754301
bio15,10,53,23.6741542113587
bio15,10,54,12.088357625060297
bio15,10,55,21.0009219504956
bio15,10,57,22.1206254984356
bio15,10,60,53.888798003026196
bio15,11,12,8.5811976889366
bio15,11,13,23.069454643222898
bio15,11,23,18.778835394675603
bio15,11,24,9.0556083369664
bio15,11,25,11.429290191873001
bio15,11,26,66.24251286501851
bio15,11,27,1.3050609060765979
bio15,11,28,11.682384910132999
bio15,11,32,32.260632705864
bio15,11,33,4.3934768393691
bio15,11,37,24.0860656928067
bio15,11,42,16.190738708591503
bio15,11,43,64.682868823859
bio15,11,45,36.2621784013976
bio15,11,46,6.0017187457848
bio15,11,48,1.0129727635983983
bio15,11,49,7.602292473428001
bio15,11,52,0.7909573603903013
bio15,11,53,1.000347096318901
bio15,11,54,10.585449489979503
bio15,11,55,1.6728851645442013
bio15,11,57,0.5531816166041992
bio15,11,60,76.56260511806599
bio15,12,13,31.650652332159495
bio15,12,23,27.3600330836122
bio15,12,24,17.636806025903
bio15,12,25,20.0104878808096
bio15,12,26,74.82371055395511
bio15,12,27,7.276136782860002
bio15,12,28,3.1011872211963993
bio15,12,32,40.841830394800596
bio15,12,33,12.9746745283057
bio15,12,37,32.6672633817433
bio15,12,42,24.7719363975281
bio15,12,43,73.26406651279561
bio15,12,45,44.843376090334196
bio15,12,46,14.5829164347214
bio15,12,48,7.5682249253382015
bio15,12,49,16.1834901623646
bio15,12,52,7.790240328546298
bio15,12,53,7.580850592617699
bio15,12,54,19.1666471789161
bio15,12,55,10.254082853480801
bio15,12,57,9.134379305540799
bio15,12,60,85.1438028070026
bio15,13,23,4.290619248547294
bio15,13,24,14.013846306256497
bio15,13,25,11.640164451349897
bio15,13,26,43.17305822179561
bio15,13,27,24.374515549299495
bio15,13,28,34.75183955335589
bio15,13,32,9.1911780626411
bio15,13,33,18.675977803853797
bio15,13,37,1.0166110495838012
bio15,13,42,6.878715934631394
bio15,13,43,41.613414180636106
bio15,13,45,13.1927237581747
bio15,13,46,17.067735897438098
bio15,13,48,24.082427406821296
bio15,13,49,15.467162169794896
bio15,13,52,23.8604120036132
bio15,13,53,24.0698017395418
bio15,13,54,12.484005153243395
bio15,13,55,21.396569478678696
bio15,13,57,22.5162730266187
bio15,13,60,53.4931504748431
bio15,23,24,9.723227057709202
bio15,23,25,7.349545202802602
bio15,23,26,47.4636774703429
bio15,23,27,20.0838963007522
bio15,23,28,30.461220304808602
bio15,23,32,13.481797311188394
bio15,23,33,14.385358555306503
bio15,23,37,5.3072302981310955
bio15,23,42,2.5880966860841
bio15,23,43,45.9040334291834
bio15,23,45,17.483343006721995
bio15,23,46,12.777116648890804
bio15,23,48,19.791808158274
bio15,23,49,11.176542921247602
bio15,23,52,19.569792755065905
bio15,23,53,19.779182490994504
bio15,23,54,8.1933859046961
bio15,23,55,17.105950230131402
bio15,23,57,18.225653778071404
bio15,23,60,57.78376972339039
bio15,24,25,2.3736818549066
bio15,24,26,57.186904528052104
bio15,24,27,10.360669243042999
bio15,24,28,20.7379932470994
bio15,24,32,23.205024368897597
bio15,24,33,4.662131497597301
bio15,24,37,15.030457355840298
bio15,24,42,7.135130371625102
bio15,24,43,55.6272604868926
bio15,24,45,27.206570064431197
bio15,24,46,3.0538895911816013
bio15,24,48,10.0685811005648
bio15,24,49,1.4533158635383998
bio15,24,52,9.846565697356702
bio15,24,53,10.055955433285302
bio15,24,54,1.529841153013102
bio15,24,55,7.3827231724221996
bio15,24,57,8.502426720362202
bio15,24,60,67.50699678109959
bio15,25,26,54.8132226731455
bio15,25,27,12.734351097949599
bio15,25,28,23.111675102006
bio15,25,32,20.831342513990997
bio15,25,33,7.035813352503901
bio15,25,37,12.656775500933698
bio15,25,42,4.761448516718502
bio15,25,43,53.253578631986
bio15,25,45,24.832888209524597
bio15,25,46,5.427571446088201
bio15,25,48,12.4422629554714
bio15,25,49,3.826997718445
bio15,25,52,12.220247552263302
bio15,25,53,12.429637288191902
bio15,25,54,0.8438407018934981
bio15,25,55,9.7564050273288
bio15,25,57,10.876108575268802
bio15,25,60,65.133314926193
bio15,26,27,67.5475737710951
bio15,26,28,77.9248977751515
bio15,26,32,33.98188015915451
bio15,26,33,61.849036025649404
bio15,26,37,42.156447172211806
bio15,26,42,50.051774156427
bio15,26,43,1.5596440411595012
bio15,26,45,29.980334463620906
bio15,26,46,60.240794119233705
bio15,26,48,67.2554856286169
bio15,26,49,58.6402203915905
bio15,26,52,67.0334702254088
bio15,26,53,67.2428599613374
bio15,26,54,55.657063375039
bio15,26,55,64.5696277004743
bio15,26,57,65.6893312484143
bio15,26,60,10.320092253047491
bio15,27,28,10.377324004056401
bio15,27,32,33.565693611940596
bio15,27,33,5.698537745445698
bio15,27,37,25.391126598883297
bio15,27,42,17.4957996146681
bio15,27,43,65.9879297299356
bio15,27,45,37.567239307474196
bio15,27,46,7.306779651861397
bio15,27,48,0.2920881424781996
bio15,27,49,8.907353379504599
bio15,27,52,0.5141035456862966
bio15,27,53,0.3047138097576969
bio15,27,54,11.8905103960561
bio15,27,55,2.977946070620799
bio15,27,57,1.858242522680797
bio15,27,60,77.8676660241426
bio15,28,32,43.94301761599699
bio15,28,33,16.0758617495021
bio15,28,37,35.768450602939694
bio15,28,42,27.873123618724502
bio15,28,43,76.365253733992
bio15,28,45,47.9445633115306
bio15,28,46,17.6841036559178
bio15,28,48,10.6694121465346
bio15,28,49,19.284677383561
bio15,28,52,10.891427549742698
bio15,28,53,10.682037813814098
bio15,28,54,22.267834400112502
bio15,28,55,13.3552700746772
bio15,28,57,12.235566526737198
bio15,28,60,88.244990028199
bio15,32,33,27.867155866494898
bio15,32,37,8.174567013057299
bio15,32,42,16.069893997272494
bio15,32,43,32.422236117995006
bio15,32,45,4.001545695533601
bio15,32,46,26.258913960079198
bio15,32,48,33.273605469462396
bio15,32,49,24.658340232435997
bio15,32,52,33.0515900662543
bio15,32,53,33.2609798021829
bio15,32,54,21.675183215884495
bio15,32,55,30.587747541319796
bio15,32,57,31.7074510892598
bio15,32,60,44.301972412202
bio15,33,37,19.6925888534376
bio15,33,42,11.797261869222403
bio15,33,43,60.2893919844899
bio15,33,45,31.868701562028498
bio15,33,46,1.6082419064156994
bio15,33,48,5.406449602967498
bio15,33,49,3.208815634058901
bio15,33,52,5.1844341997594015
bio15,33,53,5.393823935688001
bio15,33,54,6.191972650610403
bio15,33,55,2.720591674824899
bio15,33,57,3.840295222764901
bio15,33,60,72.16912827869689
bio15,37,42,7.895326984215195
bio15,37,43,40.596803131052305
bio15,37,45,12.1761127085909
bio15,37,46,18.0843469470219
bio15,37,48,25.099038456405097
bio15,37,49,16.483773219378698
bio15,37,52,24.877023053197
bio15,37,53,25.0864127891256
bio15,37,54,13.500616202827196
bio15,37,55,22.413180528262497
bio15,37,57,23.5328840762025
bio15,37,60,52.4765394252593
bio15,42,43,48.4921301152675
bio15,42,45,20.071439692806095
bio15,42,46,10.189019962806704
bio15,42,48,17.2037114721899
bio15,42,49,8.588446235163502
bio15,42,52,16.981696068981805
bio15,42,53,17.191085804910404
bio15,42,54,5.6052892186120005
bio15,42,55,14.517853544047302
bio15,42,57,15.637557091987304
bio15,42,60,60.37186640947449
bio15,43,45,28.420690422461405
bio15,43,46,58.681150078074204
bio15,43,48,65.69584158745741
bio15,43,49,57.080576350431
bio15,43,52,65.4738261842493
bio15,43,53,65.6832159201779
bio15,43,54,54.0974193338795
bio15,43,55,63.0099836593148
bio15,43,57,64.1296872072548
bio15,43,60,11.879736294206992
bio15,45,46,30.2604596556128
bio15,45,48,37.275151164996
bio15,45,49,28.659885927969597
bio15,45,52,37.0531357617879
bio15,45,53,37.262525497716496
bio15,45,54,25.676728911418095
bio15,45,55,34.58929323685339
bio15,45,57,35.7089967847934
bio15,45,60,40.3004267166684
bio15,46,48,7.014691509383198
bio15,46,49,1.6005737276432015
bio15,46,52,6.792676106175101
bio15,46,53,7.0020658421037005
bio15,46,54,4.583730744194703
bio15,46,55,4.328833581240598
bio15,46,57,5.4485371291806
bio15,46,60,70.5608863722812
bio15,48,49,8.6152652370264
bio15,48,52,0.22201540320809698
bio15,48,53,0.012625667279497321
bio15,48,54,11.598422253577901
bio15,48,55,2.6858579281425996
bio15,48,57,1.5661543802025975
bio15,48,60,77.5755778816644
bio15,49,52,8.393249833818302
bio15,49,53,8.602639569746902
bio15,49,54,2.983157016551502
bio15,49,55,5.9294073088838
bio15,49,57,7.049110856823802
bio15,49,60,68.960312644638
bio15,52,53,0.20938973592859966
bio15,52,54,11.376406850369804
bio15,52,55,2.4638425249345026
bio15,52,57,1.3441389769945005
bio15,52,60,77.3535624784563
bio15,53,54,11.585796586298404
bio15,53,55,2.6732322608631023
bio15,53,57,1.5535287129231001
bio15,53,60,77.5629522143849
bio15,54,55,8.912564325435302
bio15,54,57,10.032267873375304
bio15,54,60,65.97715562808649
bio15,55,57,1.1197035479400022
bio15,55,60,74.88971995352179
bio15,57,60,76.0094235014618
bio16,1,2,117.30015000000003
bio16,1,4,35.59975000000003
bio16,1,5,91.79226599999998
bio16,1,6,42.732325
bio16,1,9,101.07169400000004
bio16,1,10,26.622750000000053
bio16,1,11,86.47603600000002
bio16,1,12,86.19911000000002
bio16,1,13,24.10304000000002
bio16,1,23,61.68231400000002
bio16,1,24,330.82844000000006
bio16,1,25,32.57470000000001
bio16,1,26,207.492665
bio16,1,27,88.77102799999997
bio16,1,28,114.74388000000005
bio16,1,32,65.76851099999996
bio16,1,33,131.43979000000002
bio16,1,37,778.02649
bio16,1,42,62.58069499999996
bio16,1,43,153.20325000000003
bio16,1,45,114.86855199999997
bio16,1,46,50.80000899999996
bio16,1,48,38.00362100000001
bio16,1,49,66.41487400000005
bio16,1,52,135.63493999999997
bio16,1,53,138.17891299999997
bio16,1,54,3.416780000000017
bio16,1,55,27.70196500000003
bio16,1,57,50.45053999999996
bio16,1,60,1.8684600000000273
bio16,2,4,81.7004
bio16,2,5,209.09241600000001
bio16,2,6,74.56782500000003
bio16,2,9,16.228455999999994
bio16,2,10,90.67739999999998
bio16,2,11,30.82411400000001
bio16,2,12,31.101040000000012
bio16,2,13,93.19711000000001
bio16,2,23,55.61783600000001
bio16,2,24,213.52829000000003
bio16,2,25,84.72545000000002
bio16,2,26,324.792815
bio16,2,27,206.071178
bio16,2,28,2.5562699999999836
bio16,2,32,183.068661
bio16,2,33,14.139639999999986
bio16,2,37,660.7263399999999
bio16,2,42,179.880845
bio16,2,43,35.903099999999995
bio16,2,45,232.168702
bio16,2,46,168.100159
bio16,2,48,79.29652900000002
bio16,2,49,50.885275999999976
bio16,2,52,252.93509
bio16,2,53,255.479063
bio16,2,54,113.88337000000001
bio16,2,55,89.598185
bio16,2,57,167.75069
bio16,2,60,115.43169
bio16,4,5,127.39201600000001
bio16,4,6,7.132574999999974
bio16,4,9,65.47194400000001
bio16,4,10,8.976999999999975
bio16,4,11,50.87628599999999
bio16,4,12,50.59935999999999
bio16,4,13,11.496710000000007
bio16,4,23,26.08256399999999
bio16,4,24,295.22869000000003
bio16,4,25,3.0250500000000216
bio16,4,26,243.09241500000002
bio16,4,27,124.370778
bio16,4,28,79.14413000000002
bio16,4,32,101.36826099999999
bio16,4,33,95.84003999999999
bio16,4,37,742.42674
bio16,4,42,98.18044499999999
bio16,4,43,117.6035
bio16,4,45,150.468302
bio16,4,46,86.39975899999999
bio16,4,48,2.403870999999981
bio16,4,49,30.815124000000026
bio16,4,52,171.23469
bio16,4,53,173.778663
bio16,4,54,32.18297000000001
bio16,4,55,7.897784999999999
bio16,4,57,86.05028999999999
bio16,4,60,33.73129
bio16,5,6,134.524591
bio16,5,9,192.86396000000002
bio16,5,10,118.41501600000004
bio16,5,11,178.268302
bio16,5,12,177.991376
bio16,5,13,115.895306
bio16,5,23,153.47458
bio16,5,24,422.62070600000004
bio16,5,25,124.36696599999999
bio16,5,26,115.70039899999999
bio16,5,27,3.021238000000011
bio16,5,28,206.53614600000003
bio16,5,32,26.023755000000023
bio16,5,33,223.232056
bio16,5,37,869.818756
bio16,5,42,29.21157100000002
bio16,5,43,244.995516
bio16,5,45,23.076285999999982
bio16,5,46,40.99225700000002
bio16,5,48,129.795887
bio16,5,49,158.20714000000004
bio16,5,52,43.84267399999999
bio16,5,53,46.38664699999998
bio16,5,54,95.209046
bio16,5,55,119.49423100000001
bio16,5,57,41.34172600000002
bio16,5,60,93.66072600000001
bio16,6,9,58.33936900000003
bio16,6,10,16.10957499999995
bio16,6,11,43.74371100000002
bio16,6,12,43.466785000000016
bio16,6,13,18.62928499999998
bio16,6,23,18.949989000000016
bio16,6,24,288.09611500000005
bio16,6,25,10.157624999999996
bio16,6,26,250.22499
bio16,6,27,131.50335299999998
bio16,6,28,72.01155500000004
bio16,6,32,108.50083599999996
bio16,6,33,88.70746500000001
bio16,6,37,735.294165
bio16,6,42,105.31301999999997
bio16,6,43,110.47092500000002
bio16,6,45,157.60087699999997
bio16,6,46,93.53233399999996
bio16,6,48,4.728703999999993
bio16,6,49,23.68254900000005
bio16,6,52,178.36726499999997
bio16,6,53,180.91123799999997
bio16,6,54,39.315544999999986
bio16,6,55,15.030359999999973
bio16,6,57,93.18286499999996
bio16,6,60,40.863864999999976
bio16,9,10,74.44894399999998
bio16,9,11,14.595658000000014
bio16,9,12,14.872584000000018
bio16,9,13,76.96865400000002
bio16,9,23,39.38938000000002
bio16,9,24,229.75674600000002
bio16,9,25,68.49699400000003
bio16,9,26,308.564359
bio16,9,27,189.842722
bio16,9,28,13.67218600000001
bio16,9,32,166.840205
bio16,9,33,30.36809599999998
bio16,9,37,676.954796
bio16,9,42,163.652389
bio16,9,43,52.13155599999999
bio16,9,45,215.940246
bio16,9,46,151.871703
bio16,9,48,63.06807300000003
bio16,9,49,34.65681999999998
bio16,9,52,236.706634
bio16,9,53,239.250607
bio16,9,54,97.65491400000002
bio16,9,55,73.369729
bio16,9,57,151.522234
bio16,9,60,99.20323400000001
bio16,10,11,59.85328599999997
bio16,10,12,59.576359999999966
bio16,10,13,2.519710000000032
bio16,10,23,35.059563999999966
bio16,10,24,304.20569
bio16,10,25,5.951949999999954
bio16,10,26,234.11541500000004
bio16,10,27,115.39377800000003
bio16,10,28,88.12113
bio16,10,32,92.39126100000001
bio16,10,33,104.81703999999996
bio16,10,37,751.40374
bio16,10,42,89.20344500000002
bio16,10,43,126.58049999999997
bio16,10,45,141.49130200000002
bio16,10,46,77.42275900000001
bio16,10,48,11.380870999999956
bio16,10,49,39.792124
bio16,10,52,162.25769000000003
bio16,10,53,164.80166300000002
bio16,10,54,23.205970000000036
bio16,10,55,1.0792149999999765
bio16,10,57,77.07329000000001
bio16,10,60,24.754290000000026
bio16,11,12,0.2769260000000031
bio16,11,13,62.372996
bio16,11,23,24.793722000000002
bio16,11,24,244.35240400000004
bio16,11,25,53.901336000000015
bio16,11,26,293.968701
bio16,11,27,175.247064
bio16,11,28,28.267844000000025
bio16,11,32,152.24454699999998
bio16,11,33,44.963753999999994
bio16,11,37,691.550454
bio16,11,42,149.05673099999998
bio16,11,43,66.727214
bio16,11,45,201.344588
bio16,11,46,137.27604499999998
bio16,11,48,48.47241500000001
bio16,11,49,20.061161999999968
bio16,11,52,222.110976
bio16,11,53,224.654949
bio16,11,54,83.059256
bio16,11,55,58.77407099999999
bio16,11,57,136.92657599999998
bio16,11,60,84.607576
bio16,12,13,62.09607
bio16,12,23,24.516796
bio16,12,24,244.62933000000004
bio16,12,25,53.62441000000001
bio16,12,26,293.691775
bio16,12,27,174.970138
bio16,12,28,28.544770000000028
bio16,12,32,151.96762099999998
bio16,12,33,45.24068
bio16,12,37,691.82738
bio16,12,42,148.77980499999998
bio16,12,43,67.00414
bio16,12,45,201.06766199999998
bio16,12,46,136.99911899999998
bio16,12,48,48.19548900000001
bio16,12,49,19.784235999999964
bio16,12,52,221.83405
bio16,12,53,224.37802299999998
bio16,12,54,82.78233
bio16,12,55,58.49714499999999
bio16,12,57,136.64964999999998
bio16,12,60,84.33064999999999
bio16,13,23,37.579274
bio16,13,24,306.72540000000004
bio16,13,25,8.471659999999986
bio16,13,26,231.595705
bio16,13,27,112.874068
bio16,13,28,90.64084000000003
bio16,13,32,89.87155099999998
bio16,13,33,107.33675
bio16,13,37,753.92345
bio16,13,42,86.68373499999998
bio16,13,43,129.10021
bio16,13,45,138.971592
bio16,13,46,74.90304899999998
bio16,13,48,13.900580999999988
bio16,13,49,42.31183400000003
bio16,13,52,159.73798
bio16,13,53,162.281953
bio16,13,54,20.686260000000004
bio16,13,55,3.5989250000000084
bio16,13,57,74.55357999999998
bio16,13,60,22.234579999999994
bio16,23,24,269.14612600000004
bio16,23,25,29.107614000000012
bio16,23,26,269.174979
bio16,23,27,150.453342
bio16,23,28,53.06156600000003
bio16,23,32,127.45082499999998
bio16,23,33,69.757476
bio16,23,37,716.3441760000001
bio16,23,42,124.26300899999998
bio16,23,43,91.520936
bio16,23,45,176.55086599999998
bio16,23,46,112.48232299999998
bio16,23,48,23.67869300000001
bio16,23,49,4.732560000000035
bio16,23,52,197.317254
bio16,23,53,199.86122699999999
bio16,23,54,58.265534
bio16,23,55,33.98034899999999
bio16,23,57,112.13285399999998
bio16,23,60,59.81385399999999
bio16,24,25,298.25374000000005
bio16,24,26,538.321105
bio16,24,27,419.599468
bio16,24,28,216.08456
bio16,24,32,396.596951
bio16,24,33,199.38865000000004
bio16,24,37,447.19804999999997
bio16,24,42,393.409135
bio16,24,43,177.62519000000003
bio16,24,45,445.696992
bio16,24,46,381.62844900000005
bio16,24,48,292.82481900000005
bio16,24,49,264.413566
bio16,24,52,466.46338000000003
bio16,24,53,469.007353
bio16,24,54,327.41166000000004
bio16,24,55,303.126475
bio16,24,57,381.27898000000005
bio16,24,60,328.95998000000003
bio16,25,26,240.067365
bio16,25,27,121.34572799999998
bio16,25,28,82.16918000000004
bio16,25,32,98.34321099999997
bio16,25,33,98.86509000000001
bio16,25,37,745.4517900000001
bio16,25,42,95.15539499999997
bio16,25,43,120.62855000000002
bio16,25,45,147.44325199999997
bio16,25,46,83.37470899999997
bio16,25,48,5.4289210000000026
bio16,25,49,33.84017400000005
bio16,25,52,168.20963999999998
bio16,25,53,170.75361299999997
bio16,25,54,29.15791999999999
bio16,25,55,4.872734999999977
bio16,25,57,83.02523999999997
bio16,25,60,30.70623999999998
bio16,26,27,118.721637
bio16,26,28,322.23654500000004
bio16,26,32,141.724154
bio16,26,33,338.932455
bio16,26,37,985.519155
bio16,26,42,144.91197
bio16,26,43,360.695915
bio16,26,45,92.62411300000001
bio16,26,46,156.692656
bio16,26,48,245.496286
bio16,26,49,273.90753900000004
bio16,26,52,71.857725
bio16,26,53,69.31375200000001
bio16,26,54,210.909445
bio16,26,55,235.19463000000002
bio16,26,57,157.042125
bio16,26,60,209.36112500000002
bio16,27,28,203.51490800000002
bio16,27,32,23.00251700000001
bio16,27,33,220.210818
bio16,27,37,866.797518
bio16,27,42,26.19033300000001
bio16,27,43,241.974278
bio16,27,45,26.097523999999993
bio16,27,46,37.97101900000001
bio16,27,48,126.77464899999998
bio16,27,49,155.18590200000003
bio16,27,52,46.863912
bio16,27,53,49.40788499999999
bio16,27,54,92.18780799999999
bio16,27,55,116.472993
bio16,27,57,38.32048800000001
bio16,27,60,90.639488
bio16,28,32,180.512391
bio16,28,33,16.69590999999997
bio16,28,37,663.28261
bio16,28,42,177.324575
bio16,28,43,38.45936999999998
bio16,28,45,229.612432
bio16,28,46,165.543889
bio16,28,48,76.74025900000004
bio16,28,49,48.32900599999999
bio16,28,52,250.37882000000002
bio16,28,53,252.922793
bio16,28,54,111.32710000000003
bio16,28,55,87.04191500000002
bio16,28,57,165.19442
bio16,28,60,112.87542000000002
bio16,32,33,197.20830099999998
bio16,32,37,843.795001
bio16,32,42,3.187815999999998
bio16,32,43,218.971761
bio16,32,45,49.100041000000004
bio16,32,46,14.968502
bio16,32,48,103.77213199999997
bio16,32,49,132.18338500000002
bio16,32,52,69.86642900000001
bio16,32,53,72.410402
bio16,32,54,69.18529099999998
bio16,32,55,93.47047599999999
bio16,32,57,15.317971
bio16,32,60,67.63697099999999
bio16,33,37,646.5867000000001
bio16,33,42,194.02048499999998
bio16,33,43,21.76346000000001
bio16,33,45,246.30834199999998
bio16,33,46,182.23979899999998
bio16,33,48,93.436169
bio16,33,49,65.02491599999996
bio16,33,52,267.07473
bio16,33,53,269.618703
bio16,33,54,128.02301
bio16,33,55,103.73782499999999
bio16,33,57,181.89032999999998
bio16,33,60,129.57133
bio16,37,42,840.607185
bio16,37,43,624.8232399999999
bio16,37,45,892.895042
bio16,37,46,828.826499
bio16,37,48,740.022869
bio16,37,49,711.6116159999999
bio16,37,52,913.66143
bio16,37,53,916.2054029999999
bio16,37,54,774.60971
bio16,37,55,750.324525
bio16,37,57,828.47703
bio16,37,60,776.15803
bio16,42,43,215.783945
bio16,42,45,52.287857
bio16,42,46,11.780686000000003
bio16,42,48,100.58431599999997
bio16,42,49,128.99556900000002
bio16,42,52,73.05424500000001
bio16,42,53,75.598218
bio16,42,54,65.99747499999998
bio16,42,55,90.28265999999999
bio16,42,57,12.130155000000002
bio16,42,60,64.44915499999999
bio16,43,45,268.071802
bio16,43,46,204.00325899999999
bio16,43,48,115.19962900000002
bio16,43,49,86.78837599999997
bio16,43,52,288.83819
bio16,43,53,291.382163
bio16,43,54,149.78647
bio16,43,55,125.501285
bio16,43,57,203.65379
bio16,43,60,151.33479
bio16,45,46,64.068543
bio16,45,48,152.87217299999998
bio16,45,49,181.28342600000002
bio16,45,52,20.766388000000006
bio16,45,53,23.310361
bio16,45,54,118.28533199999998
bio16,45,55,142.570517
bio16,45,57,64.418012
bio16,45,60,116.737012
bio16,46,48,88.80362999999997
bio16,46,49,117.21488300000001
bio16,46,52,84.83493100000001
bio16,46,53,87.378904
bio16,46,54,54.21678899999998
bio16,46,55,78.50197399999999
bio16,46,57,0.34946899999999914
bio16,46,60,52.66846899999999
bio16,48,49,28.411253000000045
bio16,48,52,173.63856099999998
bio16,48,53,176.18253399999998
bio16,48,54,34.58684099999999
bio16,48,55,10.30165599999998
bio16,48,57,88.45416099999997
bio16,48,60,36.13516099999998
bio16,49,52,202.04981400000003
bio16,49,53,204.59378700000002
bio16,49,54,62.99809400000004
bio16,49,55,38.712909000000025
bio16,49,57,116.86541400000002
bio16,49,60,64.54641400000003
bio16,52,53,2.543972999999994
bio16,52,54,139.05172
bio16,52,55,163.336905
bio16,52,57,85.18440000000001
bio16,52,60,137.5034
bio16,53,54,141.59569299999998
bio16,53,55,165.880878
bio16,53,57,87.728373
bio16,53,60,140.047373
bio16,54,55,24.285185000000013
bio16,54,57,53.86731999999998
bio16,54,60,1.5483199999999897
bio16,55,57,78.15250499999999
bio16,55,60,25.833505000000002
bio16,57,60,52.31899999999999
bio17,1,2,33.60576900000001
bio17,1,4,136.92180588
bio17,1,5,114.4719513
bio17,1,6,17.988664
bio17,1,9,146.653566
bio17,1,10,2.786434999999983
bio17,1,11,70.605853
bio17,1,12,143.94755199999997
bio17,1,13,1.9418139999999937
bio17,1,23,29.198262999999997
bio17,1,24,158.90214099999997
bio17,1,25,14.526395000000008
bio17,1,26,146.13733364
bio17,1,27,19.10262399999999
bio17,1,28,189.76187099999999
bio17,1,32,107.858332
bio17,1,33,111.25832600000001
bio17,1,37,188.90038599999997
bio17,1,42,53.559566000000004
bio17,1,43,122.77033346
bio17,1,45,112.6319505
bio17,1,46,15.931525999999991
bio17,1,48,87.84762599999999
bio17,1,49,53.046310000000005
bio17,1,52,31.84163600000001
bio17,1,53,32.02354
bio17,1,54,9.746251
bio17,1,55,60.834519
bio17,1,57,8.425167999999985
bio17,1,60,147.38176709
bio17,2,4,103.31603688
bio17,2,5,80.86618229999999
bio17,2,6,51.59443300000001
bio17,2,9,180.25933500000002
bio17,2,10,36.39220399999999
bio17,2,11,104.211622
bio17,2,12,177.55332099999998
bio17,2,13,31.663955000000016
bio17,2,23,4.407506000000012
bio17,2,24,192.50790999999998
bio17,2,25,48.13216400000002
bio17,2,26,112.53156464
bio17,2,27,14.503145000000018
bio17,2,28,223.36764
bio17,2,32,74.252563
bio17,2,33,144.86409500000002
bio17,2,37,222.50615499999998
bio17,2,42,19.953796999999994
bio17,2,43,89.16456446
bio17,2,45,79.02618149999999
bio17,2,46,17.67424300000002
bio17,2,48,121.453395
bio17,2,49,86.65207900000001
bio17,2,52,1.764133000000001
bio17,2,53,1.5822290000000123
bio17,2,54,23.85951800000001
bio17,2,55,94.44028800000001
bio17,2,57,42.030936999999994
bio17,2,60,113.77599808999999
bio17,4,5,22.449854580000004
bio17,4,6,154.91046988
bio17,4,9,283.57537188000003
bio17,4,10,139.70824087999998
bio17,4,11,207.52765888
bio17,4,12,280.86935788
bio17,4,13,134.97999188
bio17,4,23,107.72354288000001
bio17,4,24,295.82394688
bio17,4,25,151.44820088
bio17,4,26,9.215527759999999
bio17,4,27,117.81918188000002
bio17,4,28,326.68367688
bio17,4,32,29.06347388
bio17,4,33,248.18013188
bio17,4,37,325.82219188
bio17,4,42,83.36223988
bio17,4,43,14.151472420000001
bio17,4,45,24.289855380000002
bio17,4,46,120.99027988000002
bio17,4,48,224.76943187999998
bio17,4,49,189.96811588
bio17,4,52,105.08016988
bio17,4,53,104.89826588000001
bio17,4,54,127.17555488
bio17,4,55,197.75632488
bio17,4,57,145.34697387999998
bio17,4,60,10.45996121
bio17,5,6,132.4606153
bio17,5,9,261.1255173
bio17,5,10,117.25838629999998
bio17,5,11,185.0778043
bio17,5,12,258.4195033
bio17,5,13,112.5301373
bio17,5,23,85.2736883
bio17,5,24,273.3740923
bio17,5,25,128.9983463
bio17,5,26,31.665382340000004
bio17,5,27,95.36932730000001
bio17,5,28,304.2338223
bio17,5,32,6.613619299999996
bio17,5,33,225.7302773
bio17,5,37,303.37233729999997
bio17,5,42,60.9123853
bio17,5,43,8.298382160000003
bio17,5,45,1.8400007999999985
bio17,5,46,98.54042530000001
bio17,5,48,202.3195773
bio17,5,49,167.5182613
bio17,5,52,82.63031529999999
bio17,5,53,82.4484113
bio17,5,54,104.7257003
bio17,5,55,175.3064703
bio17,5,57,122.89711929999999
bio17,5,60,32.90981579
bio17,6,9,128.664902
bio17,6,10,15.202229000000017
bio17,6,11,52.617188999999996
bio17,6,12,125.95888799999997
bio17,6,13,19.930477999999994
bio17,6,23,47.186927
bio17,6,24,140.91347699999997
bio17,6,25,3.462268999999992
bio17,6,26,164.12599764
bio17,6,27,37.09128799999999
bio17,6,28,171.77320699999999
bio17,6,32,125.846996
bio17,6,33,93.26966200000001
bio17,6,37,170.91172199999997
bio17,6,42,71.54823
bio17,6,43,140.75899746
bio17,6,45,130.6206145
bio17,6,46,33.92018999999999
bio17,6,48,69.85896199999999
bio17,6,49,35.057646000000005
bio17,6,52,49.83030000000001
bio17,6,53,50.012204
bio17,6,54,27.734915
bio17,6,55,42.845855
bio17,6,57,9.563496000000015
bio17,6,60,165.37043109
bio17,9,10,143.86713100000003
bio17,9,11,76.04771300000002
bio17,9,12,2.7060140000000388
bio17,9,13,148.59538
bio17,9,23,175.851829
bio17,9,24,12.24857499999996
bio17,9,25,132.127171
bio17,9,26,292.79089964
bio17,9,27,165.75619
bio17,9,28,43.10830499999997
bio17,9,32,254.51189800000003
bio17,9,33,35.39524
bio17,9,37,42.24681999999996
bio17,9,42,200.21313200000003
bio17,9,43,269.42389946000003
bio17,9,45,259.2855165
bio17,9,46,162.585092
bio17,9,48,58.80594000000002
bio17,9,49,93.607256
bio17,9,52,178.495202
bio17,9,53,178.677106
bio17,9,54,156.399817
bio17,9,55,85.81904700000001
bio17,9,57,138.22839800000003
bio17,9,60,294.03533309
bio17,10,11,67.81941800000001
bio17,10,12,141.161117
bio17,10,13,4.728248999999977
bio17,10,23,31.98469799999998
bio17,10,24,156.115706
bio17,10,25,11.739960000000025
bio17,10,26,148.92376864
bio17,10,27,21.889058999999975
bio17,10,28,186.975436
bio17,10,32,110.64476699999999
bio17,10,33,108.47189100000003
bio17,10,37,186.113951
bio17,10,42,56.34600099999999
bio17,10,43,125.55676845999999
bio17,10,45,115.41838549999999
bio17,10,46,18.717960999999974
bio17,10,48,85.06119100000001
bio17,10,49,50.25987500000002
bio17,10,52,34.62807099999999
bio17,10,53,34.80997499999998
bio17,10,54,12.532685999999984
bio17,10,55,58.04808400000002
bio17,10,57,5.638733000000002
bio17,10,60,150.16820209
bio17,11,12,73.34169899999998
bio17,11,13,72.54766699999999
bio17,11,23,99.804116
bio17,11,24,88.29628799999998
bio17,11,25,56.07945799999999
bio17,11,26,216.74318664
bio17,11,27,89.70847699999999
bio17,11,28,119.15601799999999
bio17,11,32,178.464185
bio17,11,33,40.652473000000015
bio17,11,37,118.29453299999997
bio17,11,42,124.165419
bio17,11,43,193.37618645999999
bio17,11,45,183.23780349999998
bio17,11,46,86.53737899999999
bio17,11,48,17.241772999999995
bio17,11,49,17.55954299999999
bio17,11,52,102.447489
bio17,11,53,102.629393
bio17,11,54,80.352104
bio17,11,55,9.771333999999996
bio17,11,57,62.18068500000001
bio17,11,60,217.98762009
bio17,12,13,145.88936599999997
bio17,12,23,173.14581499999997
bio17,12,24,14.954588999999999
bio17,12,25,129.42115699999997
bio17,12,26,290.08488564
bio17,12,27,163.05017599999996
bio17,12,28,45.81431900000001
bio17,12,32,251.805884
bio17,12,33,32.68922599999996
bio17,12,37,44.952833999999996
bio17,12,42,197.507118
bio17,12,43,266.71788546
bio17,12,45,256.5795025
bio17,12,46,159.87907799999996
bio17,12,48,56.09992599999998
bio17,12,49,90.90124199999997
bio17,12,52,175.78918799999997
bio17,12,53,175.97109199999997
bio17,12,54,153.69380299999997
bio17,12,55,83.11303299999997
bio17,12,57,135.522384
bio17,12,60,291.32931908999996
bio17,13,23,27.256449000000003
bio17,13,24,160.84395499999997
bio17,13,25,16.468209
bio17,13,26,144.19551964000001
bio17,13,27,17.160809999999998
bio17,13,28,191.70368499999998
bio17,13,32,105.91651800000001
bio17,13,33,113.20014
bio17,13,37,190.84219999999996
bio17,13,42,51.61775200000001
bio17,13,43,120.82851946000001
bio17,13,45,110.69013650000001
bio17,13,46,13.989711999999997
bio17,13,48,89.78943999999998
bio17,13,49,54.988124
bio17,13,52,29.899822000000015
bio17,13,53,30.081726000000003
bio17,13,54,7.804437000000007
bio17,13,55,62.776332999999994
bio17,13,57,10.366981999999979
bio17,13,60,145.43995309000002
bio17,23,24,188.10040399999997
bio17,23,25,43.724658000000005
bio17,23,26,116.93907064000001
bio17,23,27,10.095639000000006
bio17,23,28,218.96013399999998
bio17,23,32,78.66006900000001
bio17,23,33,140.456589
bio17,23,37,218.09864899999997
bio17,23,42,24.361303000000007
bio17,23,43,93.57207046
bio17,23,45,83.4336875
bio17,23,46,13.266737000000006
bio17,23,48,117.04588899999999
bio17,23,49,82.244573
bio17,23,52,2.643373000000011
bio17,23,53,2.825277
bio17,23,54,19.452011999999996
bio17,23,55,90.032782
bio17,23,57,37.62343099999998
bio17,23,60,118.18350409
bio17,24,25,144.37574599999996
bio17,24,26,305.03947464
bio17,24,27,178.00476499999996
bio17,24,28,30.859730000000013
bio17,24,32,266.760473
bio17,24,33,47.64381499999996
bio17,24,37,29.998244999999997
bio17,24,42,212.461707
bio17,24,43,281.67247446
bio17,24,45,271.5340915
bio17,24,46,174.83366699999996
bio17,24,48,71.05451499999998
bio17,24,49,105.85583099999997
bio17,24,52,190.74377699999997
bio17,24,53,190.92568099999997
bio17,24,54,168.64839199999997
bio17,24,55,98.06762199999997
bio17,24,57,150.476973
bio17,24,60,306.28390808999995
bio17,25,26,160.66372864000002
bio17,25,27,33.629019
bio17,25,28,175.23547599999998
bio17,25,32,122.38472700000001
bio17,25,33,96.731931
bio17,25,37,174.37399099999996
bio17,25,42,68.08596100000001
bio17,25,43,137.29672846
bio17,25,45,127.15834550000001
bio17,25,46,30.457921
bio17,25,48,73.32123099999998
bio17,25,49,38.519915
bio17,25,52,46.368031000000016
bio17,25,53,46.549935000000005
bio17,25,54,24.27264600000001
bio17,25,55,46.30812399999999
bio17,25,57,6.101227000000023
bio17,25,60,161.90816209000002
bio17,26,27,127.03470964000002
bio17,26,28,335.89920464
bio17,26,32,38.27900164
bio17,26,33,257.39565964
bio17,26,37,335.03771964
bio17,26,42,92.57776764
bio17,26,43,23.36700018
bio17,26,45,33.50538314
bio17,26,46,130.20580764000002
bio17,26,48,233.98495964
bio17,26,49,199.18364364
bio17,26,52,114.29569764
bio17,26,53,114.11379364000001
bio17,26,54,136.39108264
bio17,26,55,206.97185264
bio17,26,57,154.56250164
bio17,26,60,1.2444334499999998
bio17,27,28,208.86449499999998
bio17,27,32,88.75570800000001
bio17,27,33,130.36095
bio17,27,37,208.00300999999996
bio17,27,42,34.45694200000001
bio17,27,43,103.66770946000001
bio17,27,45,93.52932650000001
bio17,27,46,3.1710980000000006
bio17,27,48,106.95024999999998
bio17,27,49,72.148934
bio17,27,52,12.739012000000017
bio17,27,53,12.920916000000005
bio17,27,54,9.35637299999999
bio17,27,55,79.93714299999999
bio17,27,57,27.527791999999977
bio17,27,60,128.27914309000002
bio17,28,32,297.620203
bio17,28,33,78.50354499999997
bio17,28,37,0.861485000000016
bio17,28,42,243.321437
bio17,28,43,312.53220446
bio17,28,45,302.3938215
bio17,28,46,205.69339699999998
bio17,28,48,101.914245
bio17,28,49,136.71556099999998
bio17,28,52,221.60350699999998
bio17,28,53,221.78541099999998
bio17,28,54,199.508122
bio17,28,55,128.92735199999998
bio17,28,57,181.336703
bio17,28,60,337.14363808999997
bio17,32,33,219.11665800000003
bio17,32,37,296.758718
bio17,32,42,54.298766
bio17,32,43,14.912001459999999
bio17,32,45,4.773618499999998
bio17,32,46,91.92680600000001
bio17,32,48,195.705958
bio17,32,49,160.90464200000002
bio17,32,52,76.016696
bio17,32,53,75.83479200000001
bio17,32,54,98.112081
bio17,32,55,168.69285100000002
bio17,32,57,116.28349999999999
bio17,32,60,39.52343509
bio17,33,37,77.64205999999996
bio17,33,42,164.81789200000003
bio17,33,43,234.02865946000003
bio17,33,45,223.89027650000003
bio17,33,46,127.189852
bio17,33,48,23.41070000000002
bio17,33,49,58.212016000000006
bio17,33,52,143.099962
bio17,33,53,143.281866
bio17,33,54,121.00457700000001
bio17,33,55,50.42380700000001
bio17,33,57,102.83315800000003
bio17,33,60,258.64009309
bio17,37,42,242.459952
bio17,37,43,311.67071946
bio17,37,45,301.5323365
bio17,37,46,204.83191199999996
bio17,37,48,101.05275999999998
bio17,37,49,135.85407599999996
bio17,37,52,220.74202199999996
bio17,37,53,220.92392599999997
bio17,37,54,198.64663699999997
bio17,37,55,128.06586699999997
bio17,37,57,180.47521799999998
bio17,37,60,336.28215308999995
bio17,42,43,69.21076746
bio17,42,45,59.0723845
bio17,42,46,37.62804000000001
bio17,42,48,141.407192
bio17,42,49,106.60587600000001
bio17,42,52,21.717929999999996
bio17,42,53,21.536026000000007
bio17,42,54,43.813315
bio17,42,55,114.394085
bio17,42,57,61.98473399999999
bio17,42,60,93.82220109
bio17,43,45,10.138382960000001
bio17,43,46,106.83880746000001
bio17,43,48,210.61795946
bio17,43,49,175.81664346000002
bio17,43,52,90.92869746
bio17,43,53,90.74679346
bio17,43,54,113.02408246
bio17,43,55,183.60485246000002
bio17,43,57,131.19550146
bio17,43,60,24.61143363
bio17,45,46,96.70042450000001
bio17,45,48,200.4795765
bio17,45,49,165.67826050000002
bio17,45,52,80.7903145
bio17,45,53,80.6084105
bio17,45,54,102.8856995
bio17,45,55,173.46646950000002
bio17,45,57,121.05711849999999
bio17,45,60,34.74981659
bio17,46,48,103.77915199999998
bio17,46,49,68.977836
bio17,46,52,15.910110000000017
bio17,46,53,16.092014000000006
bio17,46,54,6.18527499999999
bio17,46,55,76.76604499999999
bio17,46,57,24.356693999999976
bio17,46,60,131.45024109000002
bio17,48,49,34.801315999999986
bio17,48,52,119.689262
bio17,48,53,119.87116599999999
bio17,48,54,97.59387699999999
bio17,48,55,27.01310699999999
bio17,48,57,79.422458
bio17,48,60,235.22939309
bio17,49,52,84.88794600000001
bio17,49,53,85.06985
bio17,49,54,62.792561000000006
bio17,49,55,7.788208999999995
bio17,49,57,44.62114200000002
bio17,49,60,200.42807709000002
bio17,52,53,0.18190399999998874
bio17,52,54,22.095385000000007
bio17,52,55,92.67615500000001
bio17,52,57,40.26680399999999
bio17,52,60,115.54013108999999
bio17,53,54,22.277288999999996
bio17,53,55,92.858059
bio17,53,57,40.44870799999998
bio17,53,60,115.35822709
bio17,54,55,70.58077
bio17,54,57,18.171418999999986
bio17,54,60,137.63551609
bio17,55,57,52.409351000000015
bio17,55,60,208.21628609
bio17,57,60,155.80693509
bio18,1,2,100.867763
bio18,1,4,165.74080887999997
bio18,1,5,181.7339453
bio18,1,6,27.48558699999998
bio18,1,9,121.90068199999999
bio18,1,10,64.475559
bio18,1,11,124.870778
bio18,1,12,135.87182200000004
bio18,1,13,69.20380799999998
bio18,1,23,106.29345600000002
bio18,1,24,394.7092620000001
bio18,1,25,103.84660199999999
bio18,1,26,213.34973484
bio18,1,27,17.49912599999999
bio18,1,28,164.58397800000003
bio18,1,32,175.12032599999998
bio18,1,33,79.699557
bio18,1,37,339.357442
bio18,1,42,7.727193
bio18,1,43,187.19517045999999
bio18,1,45,179.89394449999998
bio18,1,46,48.140658
bio18,1,48,49.434337
bio18,1,49,137.68677600000004
bio18,1,52,88.020056
bio18,1,53,84.50761
bio18,1,54,61.59821599999998
bio18,1,55,43.720473999999996
bio18,1,57,15.390568000000002
bio18,1,60,214.64376109
bio18,2,4,64.87304587999999
bio18,2,5,80.86618229999999
bio18,2,6,73.38217600000002
bio18,2,9,222.76844499999999
bio18,2,10,36.39220399999999
bio18,2,11,225.738541
bio18,2,12,236.73958500000003
bio18,2,13,31.663955000000016
bio18,2,23,207.16121900000002
bio18,2,24,495.57702500000005
bio18,2,25,204.714365
bio18,2,26,112.48197184
bio18,2,27,83.368637
bio18,2,28,265.451741
bio18,2,32,74.252563
bio18,2,33,180.56732
bio18,2,37,440.22520499999996
bio18,2,42,93.14057
bio18,2,43,86.32740745999999
bio18,2,45,79.02618149999999
bio18,2,46,52.727104999999995
bio18,2,48,150.3021
bio18,2,49,238.55453900000003
bio18,2,52,12.847707
bio18,2,53,16.360152999999997
bio18,2,54,39.26954700000002
bio18,2,55,144.588237
bio18,2,57,85.477195
bio18,2,60,113.77599808999999
bio18,4,5,15.993136419999999
bio18,4,6,138.25522188000002
bio18,4,9,287.64149088
bio18,4,10,101.26524987999998
bio18,4,11,290.61158688
bio18,4,12,301.61263088000004
bio18,4,13,96.53700088000001
bio18,4,23,272.03426488
bio18,4,24,560.45007088
bio18,4,25,269.58741088
bio18,4,26,47.60892596
bio18,4,27,148.24168287999998
bio18,4,28,330.32478688000003
bio18,4,32,9.379517120000003
bio18,4,33,245.44036588
bio18,4,37,505.09825087999997
bio18,4,42,158.01361587999997
bio18,4,43,21.45436158
bio18,4,45,14.15313562
bio18,4,46,117.60015087999999
bio18,4,48,215.17514588
bio18,4,49,303.42758488000004
bio18,4,52,77.72075287999999
bio18,4,53,81.23319887999999
bio18,4,54,104.14259288000001
bio18,4,55,209.46128288
bio18,4,57,150.35024088
bio18,4,60,48.90295221
bio18,5,6,154.2483583
bio18,5,9,303.6346273
bio18,5,10,117.25838629999998
bio18,5,11,306.6047233
bio18,5,12,317.6057673
bio18,5,13,112.5301373
bio18,5,23,288.0274013
bio18,5,24,576.4432073
bio18,5,25,285.5805473
bio18,5,26,31.61578954
bio18,5,27,164.2348193
bio18,5,28,346.3179233
bio18,5,32,6.613619299999996
bio18,5,33,261.4335023
bio18,5,37,521.0913873
bio18,5,42,174.0067523
bio18,5,43,5.4612251600000015
bio18,5,45,1.8400007999999985
bio18,5,46,133.5932873
bio18,5,48,231.1682823
bio18,5,49,319.4207213
bio18,5,52,93.71388929999999
bio18,5,53,97.22633529999999
bio18,5,54,120.13572930000001
bio18,5,55,225.45441929999998
bio18,5,57,166.3433773
bio18,5,60,32.90981579
bio18,6,9,149.38626899999997
bio18,6,10,36.98997200000002
bio18,6,11,152.35636499999998
bio18,6,12,163.35740900000002
bio18,6,13,41.718221
bio18,6,23,133.779043
bio18,6,24,422.19484900000003
bio18,6,25,131.33218899999997
bio18,6,26,185.86414784000002
bio18,6,27,9.986460999999991
bio18,6,28,192.069565
bio18,6,32,147.63473900000002
bio18,6,33,107.18514399999998
bio18,6,37,366.84302899999994
bio18,6,42,19.75839399999998
bio18,6,43,159.70958346
bio18,6,45,152.40835750000002
bio18,6,46,20.65507100000002
bio18,6,48,76.91992399999998
bio18,6,49,165.17236300000002
bio18,6,52,60.534469000000016
bio18,6,53,57.02202300000002
bio18,6,54,34.112629
bio18,6,55,71.20606099999998
bio18,6,57,12.09501899999998
bio18,6,60,187.15817409000002
bio18,9,10,186.376241
bio18,9,11,2.9700960000000123
bio18,9,12,13.971140000000048
bio18,9,13,191.10448999999997
bio18,9,23,15.607225999999969
bio18,9,24,272.80858000000006
bio18,9,25,18.05408
bio18,9,26,335.25041683999996
bio18,9,27,139.39980799999998
bio18,9,28,42.68329600000004
bio18,9,32,297.021008
bio18,9,33,42.20112499999999
bio18,9,37,217.45675999999997
bio18,9,42,129.627875
bio18,9,43,309.09585246
bio18,9,45,301.7946265
bio18,9,46,170.04134
bio18,9,48,72.46634499999999
bio18,9,49,15.786094000000048
bio18,9,52,209.92073799999997
bio18,9,53,206.408292
bio18,9,54,183.49889799999997
bio18,9,55,78.180208
bio18,9,57,137.29125
bio18,9,60,336.54444308999996
bio18,10,11,189.346337
bio18,10,12,200.34738100000004
bio18,10,13,4.728248999999977
bio18,10,23,170.76901500000002
bio18,10,24,459.18482100000006
bio18,10,25,168.322161
bio18,10,26,148.87417584
bio18,10,27,46.976433000000014
bio18,10,28,229.05953700000003
bio18,10,32,110.64476699999999
bio18,10,33,144.175116
bio18,10,37,403.83300099999997
bio18,10,42,56.748366000000004
bio18,10,43,122.71961145999998
bio18,10,45,115.41838549999999
bio18,10,46,16.334901000000002
bio18,10,48,113.909896
bio18,10,49,202.16233500000004
bio18,10,52,23.544496999999993
bio18,10,53,20.032050999999996
bio18,10,54,2.8773430000000246
bio18,10,55,108.196033
bio18,10,57,49.084991
bio18,10,60,150.16820209
bio18,11,12,11.001044000000036
bio18,11,13,194.07458599999998
bio18,11,23,18.57732199999998
bio18,11,24,269.83848400000005
bio18,11,25,21.02417600000001
bio18,11,26,338.22051283999997
bio18,11,27,142.369904
bio18,11,28,39.71320000000003
bio18,11,32,299.991104
bio18,11,33,45.171221
bio18,11,37,214.48666399999996
bio18,11,42,132.597971
bio18,11,43,312.06594846
bio18,11,45,304.7647225
bio18,11,46,173.011436
bio18,11,48,75.436441
bio18,11,49,12.815998000000036
bio18,11,52,212.89083399999998
bio18,11,53,209.378388
bio18,11,54,186.46899399999998
bio18,11,55,81.150304
bio18,11,57,140.261346
bio18,11,60,339.51453908999997
bio18,12,13,205.07563000000002
bio18,12,23,29.578366000000017
bio18,12,24,258.83744
bio18,12,25,32.02522000000005
bio18,12,26,349.22155684
bio18,12,27,153.37094800000003
bio18,12,28,28.712155999999993
bio18,12,32,310.99214800000004
bio18,12,33,56.17226500000004
bio18,12,37,203.48561999999993
bio18,12,42,143.59901500000004
bio18,12,43,323.06699246000005
bio18,12,45,315.76576650000004
bio18,12,46,184.01248000000004
bio18,12,48,86.43748500000004
bio18,12,49,1.8149540000000002
bio18,12,52,223.89187800000002
bio18,12,53,220.37943200000004
bio18,12,54,197.47003800000002
bio18,12,55,92.15134800000004
bio18,12,57,151.26239000000004
bio18,12,60,350.51558309
bio18,13,23,175.497264
bio18,13,24,463.91307000000006
bio18,13,25,173.05040999999997
bio18,13,26,144.14592684000002
bio18,13,27,51.70468199999999
bio18,13,28,233.787786
bio18,13,32,105.91651800000001
bio18,13,33,148.90336499999998
bio18,13,37,408.56125
bio18,13,42,61.47661499999998
bio18,13,43,117.99136246
bio18,13,45,110.69013650000001
bio18,13,46,21.06314999999998
bio18,13,48,118.63814499999998
bio18,13,49,206.89058400000002
bio18,13,52,18.816248000000016
bio18,13,53,15.303802000000019
bio18,13,54,7.6055920000000015
bio18,13,55,112.92428199999998
bio18,13,57,53.81323999999998
bio18,13,60,145.43995309000002
bio18,23,24,288.41580600000003
bio18,23,25,2.4468540000000303
bio18,23,26,319.64319084
bio18,23,27,123.79258200000001
bio18,23,28,58.29052200000001
bio18,23,32,281.413782
bio18,23,33,26.59389900000002
bio18,23,37,233.06398599999994
bio18,23,42,114.02064900000002
bio18,23,43,293.48862646000003
bio18,23,45,286.1874005
bio18,23,46,154.43411400000002
bio18,23,48,56.85911900000002
bio18,23,49,31.393320000000017
bio18,23,52,194.313512
bio18,23,53,190.80106600000002
bio18,23,54,167.891672
bio18,23,55,62.572982000000025
bio18,23,57,121.68402400000002
bio18,23,60,320.93721709
bio18,24,25,290.86266000000006
bio18,24,26,608.0589968400001
bio18,24,27,412.208388
bio18,24,28,230.12528400000002
bio18,24,32,569.8295880000001
bio18,24,33,315.00970500000005
bio18,24,37,55.35182000000009
bio18,24,42,402.436455
bio18,24,43,581.9044324600001
bio18,24,45,574.6032065
bio18,24,46,442.84992000000005
bio18,24,48,345.27492500000005
bio18,24,49,257.022486
bio18,24,52,482.72931800000003
bio18,24,53,479.2168720000001
bio18,24,54,456.30747800000006
bio18,24,55,350.98878800000006
bio18,24,57,410.09983000000005
bio18,24,60,609.3530230900001
bio18,25,26,317.19633683999996
bio18,25,27,121.34572799999998
bio18,25,28,60.73737600000004
bio18,25,32,278.966928
bio18,25,33,24.14704499999999
bio18,25,37,235.51083999999997
bio18,25,42,111.57379499999999
bio18,25,43,291.04177246
bio18,25,45,283.7405465
bio18,25,46,151.98726
bio18,25,48,54.41226499999999
bio18,25,49,33.84017400000005
bio18,25,52,191.86665799999997
bio18,25,53,188.354212
bio18,25,54,165.44481799999997
bio18,25,55,60.126127999999994
bio18,25,57,119.23716999999999
bio18,25,60,318.49036308999996
bio18,26,27,195.85060884
bio18,26,28,377.93371284
bio18,26,32,38.22940884
bio18,26,33,293.04929183999997
bio18,26,37,552.70717684
bio18,26,42,205.62254184
bio18,26,43,26.15456438
bio18,26,45,33.45579034
bio18,26,46,165.20907684
bio18,26,48,262.78407183999997
bio18,26,49,351.03651084
bio18,26,52,125.32967884
bio18,26,53,128.84212484
bio18,26,54,151.75151884000002
bio18,26,55,257.07020883999996
bio18,26,57,197.95916684
bio18,26,60,1.29402625
bio18,27,28,182.08310400000002
bio18,27,32,157.6212
bio18,27,33,97.19868299999999
bio18,27,37,356.8565679999999
bio18,27,42,9.77193299999999
bio18,27,43,169.69604446
bio18,27,45,162.39481849999999
bio18,27,46,30.641532000000012
bio18,27,48,66.93346299999999
bio18,27,49,155.18590200000003
bio18,27,52,70.52093
bio18,27,53,67.00848400000001
bio18,27,54,44.09908999999999
bio18,27,55,61.219599999999986
bio18,27,57,2.108557999999988
bio18,27,60,197.14463509
bio18,28,32,339.70430400000004
bio18,28,33,84.88442100000003
bio18,28,37,174.77346399999993
bio18,28,42,172.31117100000003
bio18,28,43,351.77914846000004
bio18,28,45,344.47792250000003
bio18,28,46,212.72463600000003
bio18,28,48,115.14964100000003
bio18,28,49,26.897201999999993
bio18,28,52,252.604034
bio18,28,53,249.09158800000003
bio18,28,54,226.182194
bio18,28,55,120.86350400000003
bio18,28,57,179.97454600000003
bio18,28,60,379.22773909
bio18,32,33,254.819883
bio18,32,37,514.477768
bio18,32,42,167.39313299999998
bio18,32,43,12.074844459999998
bio18,32,45,4.773618499999998
bio18,32,46,126.97966799999999
bio18,32,48,224.554663
bio18,32,49,312.80710200000004
bio18,32,52,87.10027
bio18,32,53,90.61271599999999
bio18,32,54,113.52211000000001
bio18,32,55,218.8408
bio18,32,57,159.729758
bio18,32,60,39.52343509
bio18,33,37,259.65788499999996
bio18,33,42,87.42675
bio18,33,43,266.89472746
bio18,33,45,259.5935015
bio18,33,46,127.840215
bio18,33,48,30.26522
bio18,33,49,57.98721900000004
bio18,33,52,167.71961299999998
bio18,33,53,164.207167
bio18,33,54,141.29777299999998
bio18,33,55,35.979083
bio18,33,57,95.090125
bio18,33,60,294.34331808999997
bio18,37,42,347.08463499999993
bio18,37,43,526.55261246
bio18,37,45,519.2513865
bio18,37,46,387.49809999999997
bio18,37,48,289.92310499999996
bio18,37,49,201.67066599999993
bio18,37,52,427.37749799999995
bio18,37,53,423.865052
bio18,37,54,400.95565799999997
bio18,37,55,295.63696799999997
bio18,37,57,354.74800999999997
bio18,37,60,554.00120309
bio18,42,43,179.46797746
bio18,42,45,172.16675149999998
bio18,42,46,40.413465
bio18,42,48,57.16153
bio18,42,49,145.41396900000004
bio18,42,52,80.292863
bio18,42,53,76.780417
bio18,42,54,53.87102299999998
bio18,42,55,51.447666999999996
bio18,42,57,7.663375000000002
bio18,42,60,206.91656809
bio18,43,45,7.30122596
bio18,43,46,139.05451245999998
bio18,43,48,236.62950745999999
bio18,43,49,324.88194646000005
bio18,43,52,99.17511445999999
bio18,43,53,102.68756045999999
bio18,43,54,125.59695446
bio18,43,55,230.91564445999998
bio18,43,57,171.80460245999998
bio18,43,60,27.44859063
bio18,45,46,131.7532865
bio18,45,48,229.3282815
bio18,45,49,317.58072050000004
bio18,45,52,91.87388849999999
bio18,45,53,95.38633449999999
bio18,45,54,118.29572850000001
bio18,45,55,223.6144185
bio18,45,57,164.5033765
bio18,45,60,34.74981659
bio18,46,48,97.574995
bio18,46,49,185.82743400000004
bio18,46,52,39.879397999999995
bio18,46,53,36.366952
bio18,46,54,13.457557999999977
bio18,46,55,91.861132
bio18,46,57,32.75009
bio18,46,60,166.50310309
bio18,48,49,88.25243900000004
bio18,48,52,137.45439299999998
bio18,48,53,133.941947
bio18,48,54,111.03255299999998
bio18,48,55,5.7138630000000035
bio18,48,57,64.824905
bio18,48,60,264.07809808999997
bio18,49,52,225.70683200000002
bio18,49,53,222.19438600000004
bio18,49,54,199.28499200000002
bio18,49,55,93.96630200000004
bio18,49,57,153.07734400000004
bio18,49,60,352.33053709
bio18,52,53,3.512445999999997
bio18,52,54,26.421840000000017
bio18,52,55,131.74052999999998
bio18,52,57,72.629488
bio18,52,60,126.62370508999999
bio18,53,54,22.90939400000002
bio18,53,55,128.228084
bio18,53,57,69.117042
bio18,53,60,130.13615109
bio18,54,55,105.31868999999998
bio18,54,57,46.20764799999998
bio18,54,60,153.04554509000002
bio18,55,57,59.111042
bio18,55,60,258.36423508999997
bio18,57,60,199.25319309
bio19,1,2,66.87475999999998
bio19,1,4,124.64154199999999
bio19,1,5,183.806132
bio19,1,6,120.54523199999997
bio19,1,9,52.519225000000006
bio19,1,10,82.84087999999997
bio19,1,11,62.27688299999997
bio19,1,12,44.99177000000003
bio19,1,13,83.22180099999997
bio19,1,23,167.73215899999997
bio19,1,24,140.62954000000002
bio19,1,25,32.45747399999996
bio19,1,26,230.68266999999997
bio19,1,27,138.88910799999996
bio19,1,28,81.07678000000004
bio19,1,32,157.55131799999998
bio19,1,33,131.43979000000002
bio19,1,37,434.82876000000005
bio19,1,42,141.19525399999998
bio19,1,43,153.20325000000003
bio19,1,45,192.17590399999997
bio19,1,46,50.80000899999996
bio19,1,48,36.38823499999998
bio19,1,49,4.027760000000001
bio19,1,52,139.36219999999997
bio19,1,53,140.24532299999998
bio19,1,54,3.416780000000017
bio19,1,55,6.580794000000026
bio19,1,57,68.32251399999998
bio19,1,60,14.545479999999998
bio19,2,4,57.766782000000006
bio19,2,5,116.931372
bio19,2,6,53.67047199999999
bio19,2,9,119.39398499999999
bio19,2,10,15.96611999999999
bio19,2,11,4.597877000000011
bio19,2,12,111.86653000000001
bio19,2,13,16.34704099999999
bio19,2,23,100.85739899999999
bio19,2,24,207.5043
bio19,2,25,34.41728600000002
bio19,2,26,163.80791
bio19,2,27,72.01434799999998
bio19,2,28,147.95154000000002
bio19,2,32,90.676558
bio19,2,33,198.31455
bio19,2,37,501.70352
bio19,2,42,74.320494
bio19,2,43,220.07801
bio19,2,45,125.301144
bio19,2,46,16.07475100000002
bio19,2,48,30.486525
bio19,2,49,70.90251999999998
bio19,2,52,72.48743999999999
bio19,2,53,73.370563
bio19,2,54,70.29154
bio19,2,55,73.455554
bio19,2,57,1.4477540000000033
bio19,2,60,52.32927999999998
bio19,4,5,59.16458999999999
bio19,4,6,4.096310000000017
bio19,4,9,177.160767
bio19,4,10,41.80066200000002
bio19,4,11,62.36465900000002
bio19,4,12,169.63331200000002
bio19,4,13,41.419741000000016
bio19,4,23,43.09061699999998
bio19,4,24,265.271082
bio19,4,25,92.18406800000002
bio19,4,26,106.04112799999999
bio19,4,27,14.247565999999978
bio19,4,28,205.71832200000003
bio19,4,32,32.909775999999994
bio19,4,33,256.081332
bio19,4,37,559.4703020000001
bio19,4,42,16.55371199999999
bio19,4,43,277.844792
bio19,4,45,67.53436199999999
bio19,4,46,73.84153300000003
bio19,4,48,88.253307
bio19,4,49,128.669302
bio19,4,52,14.720657999999986
bio19,4,53,15.603780999999998
bio19,4,54,128.058322
bio19,4,55,131.222336
bio19,4,57,56.319028
bio19,4,60,110.09606199999999
bio19,5,6,63.26090000000001
bio19,5,9,236.325357
bio19,5,10,100.965252
bio19,5,11,121.52924900000001
bio19,5,12,228.79790200000002
bio19,5,13,100.584331
bio19,5,23,16.07397300000001
bio19,5,24,324.435672
bio19,5,25,151.348658
bio19,5,26,46.876538
bio19,5,27,44.91702400000001
bio19,5,28,264.88291200000003
bio19,5,32,26.254813999999996
bio19,5,33,315.245922
bio19,5,37,618.634892
bio19,5,42,42.610878
bio19,5,43,337.009382
bio19,5,45,8.369771999999998
bio19,5,46,133.006123
bio19,5,48,147.41789699999998
bio19,5,49,187.833892
bio19,5,52,44.443932000000004
bio19,5,53,43.56080899999999
bio19,5,54,187.222912
bio19,5,55,190.38692600000002
bio19,5,57,115.48361799999999
bio19,5,60,169.260652
bio19,6,9,173.06445699999998
bio19,6,10,37.704352
bio19,6,11,58.268349
bio19,6,12,165.537002
bio19,6,13,37.323431
bio19,6,23,47.186927
bio19,6,24,261.17477199999996
bio19,6,25,88.08775800000001
bio19,6,26,110.137438
bio19,6,27,18.343875999999995
bio19,6,28,201.622012
bio19,6,32,37.00608600000001
bio19,6,33,251.985022
bio19,6,37,555.373992
bio19,6,42,20.650022000000007
bio19,6,43,273.74848199999997
bio19,6,45,71.630672
bio19,6,46,69.74522300000001
bio19,6,48,84.15699699999999
bio19,6,49,124.57299199999997
bio19,6,52,18.816968000000003
bio19,6,53,19.700091000000015
bio19,6,54,123.96201199999999
bio19,6,55,127.126026
bio19,6,57,52.222717999999986
bio19,6,60,105.99975199999997
bio19,9,10,135.36010499999998
bio19,9,11,114.79610799999998
bio19,9,12,7.527454999999975
bio19,9,13,135.74102599999998
bio19,9,23,220.25138399999997
bio19,9,24,88.11031500000001
bio19,9,25,84.97669899999997
bio19,9,26,283.201895
bio19,9,27,191.40833299999997
bio19,9,28,28.557555000000036
bio19,9,32,210.070543
bio19,9,33,78.92056500000001
bio19,9,37,382.30953500000004
bio19,9,42,193.71447899999998
bio19,9,43,100.68402500000002
bio19,9,45,244.69512899999998
bio19,9,46,103.31923399999997
bio19,9,48,88.90745999999999
bio19,9,49,48.491465000000005
bio19,9,52,191.88142499999998
bio19,9,53,192.764548
bio19,9,54,49.10244499999999
bio19,9,55,45.93843099999998
bio19,9,57,120.84173899999999
bio19,9,60,67.064705
bio19,10,11,20.563997
bio19,10,12,127.83265
bio19,10,13,0.38092100000000073
bio19,10,23,84.891279
bio19,10,24,223.47042
bio19,10,25,50.38340600000001
bio19,10,26,147.84179
bio19,10,27,56.048227999999995
bio19,10,28,163.91766
bio19,10,32,74.71043800000001
bio19,10,33,214.28067
bio19,10,37,517.6696400000001
bio19,10,42,58.35437400000001
bio19,10,43,236.04413
bio19,10,45,109.335024
bio19,10,46,32.04087100000001
bio19,10,48,46.45264499999999
bio19,10,49,86.86863999999997
bio19,10,52,56.52132
bio19,10,53,57.404443000000015
bio19,10,54,86.25765999999999
bio19,10,55,89.421674
bio19,10,57,14.518365999999986
bio19,10,60,68.29539999999997
bio19,11,12,107.268653
bio19,11,13,20.944918
bio19,11,23,105.455276
bio19,11,24,202.906423
bio19,11,25,29.819409000000007
bio19,11,26,168.405787
bio19,11,27,76.612225
bio19,11,28,143.353663
bio19,11,32,95.27443500000001
bio19,11,33,193.716673
bio19,11,37,497.105643
bio19,11,42,78.91837100000001
bio19,11,43,215.480133
bio19,11,45,129.899021
bio19,11,46,11.47687400000001
bio19,11,48,25.88864799999999
bio19,11,49,66.30464299999997
bio19,11,52,77.085317
bio19,11,53,77.96844000000002
bio19,11,54,65.69366299999999
bio19,11,55,68.857677
bio19,11,57,6.045631000000014
bio19,11,60,47.73140299999997
bio19,12,13,128.213571
bio19,12,23,212.723929
bio19,12,24,95.63776999999999
bio19,12,25,77.449244
bio19,12,26,275.67444
bio19,12,27,183.880878
bio19,12,28,36.08501000000001
bio19,12,32,202.543088
bio19,12,33,86.44801999999999
bio19,12,37,389.83699
bio19,12,42,186.187024
bio19,12,43,108.21148
bio19,12,45,237.167674
bio19,12,46,95.79177899999999
bio19,12,48,81.38000500000001
bio19,12,49,40.96401000000003
bio19,12,52,184.35397
bio19,12,53,185.23709300000002
bio19,12,54,41.574990000000014
bio19,12,55,38.410976000000005
bio19,12,57,113.31428400000001
bio19,12,60,59.53725000000003
bio19,13,23,84.510358
bio19,13,24,223.851341
bio19,13,25,50.76432700000001
bio19,13,26,147.460869
bio19,13,27,55.667306999999994
bio19,13,28,164.298581
bio19,13,32,74.32951700000001
bio19,13,33,214.661591
bio19,13,37,518.050561
bio19,13,42,57.973453000000006
bio19,13,43,236.425051
bio19,13,45,108.954103
bio19,13,46,32.42179200000001
bio19,13,48,46.83356599999999
bio19,13,49,87.24956099999997
bio19,13,52,56.140399
bio19,13,53,57.023522000000014
bio19,13,54,86.63858099999999
bio19,13,55,89.802595
bio19,13,57,14.899286999999987
bio19,13,60,68.67632099999997
bio19,23,24,308.361699
bio19,23,25,135.274685
bio19,23,26,62.950511000000006
bio19,23,27,28.843051000000003
bio19,23,28,248.808939
bio19,23,32,10.180840999999987
bio19,23,33,299.171949
bio19,23,37,602.560919
bio19,23,42,26.53690499999999
bio19,23,43,320.935409
bio19,23,45,24.443745000000007
bio19,23,46,116.93215000000001
bio19,23,48,131.343924
bio19,23,49,171.75991899999997
bio19,23,52,28.369958999999994
bio19,23,53,27.486835999999983
bio19,23,54,171.14893899999998
bio19,23,55,174.312953
bio19,23,57,99.40964499999998
bio19,23,60,153.18667899999997
bio19,24,25,173.08701399999998
bio19,24,26,371.31221
bio19,24,27,279.518648
bio19,24,28,59.55275999999998
bio19,24,32,298.180858
bio19,24,33,9.189750000000004
bio19,24,37,294.19922
bio19,24,42,281.824794
bio19,24,43,12.573710000000005
bio19,24,45,332.80544399999997
bio19,24,46,191.42954899999998
bio19,24,48,177.017775
bio19,24,49,136.60178000000002
bio19,24,52,279.99174
bio19,24,53,280.874863
bio19,24,54,137.21276
bio19,24,55,134.048746
bio19,24,57,208.952054
bio19,24,60,155.17502000000002
bio19,25,26,198.225196
bio19,25,27,106.431634
bio19,25,28,113.534254
bio19,25,32,125.09384400000002
bio19,25,33,163.89726399999998
bio19,25,37,467.28623400000004
bio19,25,42,108.73778000000001
bio19,25,43,185.660724
bio19,25,45,159.71843
bio19,25,46,18.342534999999998
bio19,25,48,3.930761000000018
bio19,25,49,36.48523399999996
bio19,25,52,106.90472600000001
bio19,25,53,107.78784900000002
bio19,25,54,35.87425399999998
bio19,25,55,39.03826799999999
bio19,25,57,35.86504000000002
bio19,25,60,17.911993999999964
bio19,26,27,91.79356200000001
bio19,26,28,311.75945
bio19,26,32,73.13135199999999
bio19,26,33,362.12246
bio19,26,37,665.51143
bio19,26,42,89.487416
bio19,26,43,383.88592
bio19,26,45,38.506766
bio19,26,46,179.882661
bio19,26,48,194.294435
bio19,26,49,234.71042999999997
bio19,26,52,91.32047
bio19,26,53,90.43734699999999
bio19,26,54,234.09945
bio19,26,55,237.263464
bio19,26,57,162.360156
bio19,26,60,216.13718999999998
bio19,27,28,219.965888
bio19,27,32,18.662210000000016
bio19,27,33,270.328898
bio19,27,37,573.717868
bio19,27,42,2.3061460000000125
bio19,27,43,292.092358
bio19,27,45,53.28679600000001
bio19,27,46,88.089099
bio19,27,48,102.50087299999998
bio19,27,49,142.91686799999997
bio19,27,52,0.4730920000000083
bio19,27,53,1.3562150000000202
bio19,27,54,142.30588799999998
bio19,27,55,145.469902
bio19,27,57,70.56659399999998
bio19,27,60,124.34362799999997
bio19,28,32,238.62809800000002
bio19,28,33,50.363009999999974
bio19,28,37,353.75198
bio19,28,42,222.27203400000002
bio19,28,43,72.12646999999998
bio19,28,45,273.25268400000004
bio19,28,46,131.876789
bio19,28,48,117.46501500000002
bio19,28,49,77.04902000000004
bio19,28,52,220.43898000000002
bio19,28,53,221.32210300000003
bio19,28,54,77.66000000000003
bio19,28,55,74.49598600000002
bio19,28,57,149.39929400000003
bio19,28,60,95.62226000000004
bio19,32,33,288.991108
bio19,32,37,592.380078
bio19,32,42,16.356064000000003
bio19,32,43,310.754568
bio19,32,45,34.624585999999994
bio19,32,46,106.75130900000002
bio19,32,48,121.163083
bio19,32,49,161.57907799999998
bio19,32,52,18.189118000000008
bio19,32,53,17.305994999999996
bio19,32,54,160.968098
bio19,32,55,164.132112
bio19,32,57,89.228804
bio19,32,60,143.00583799999998
bio19,33,37,303.38897000000003
bio19,33,42,272.635044
bio19,33,43,21.76346000000001
bio19,33,45,323.61569399999996
bio19,33,46,182.23979899999998
bio19,33,48,167.828025
bio19,33,49,127.41203000000002
bio19,33,52,270.80199
bio19,33,53,271.685113
bio19,33,54,128.02301
bio19,33,55,124.85899599999999
bio19,33,57,199.762304
bio19,33,60,145.98527
bio19,37,42,576.0240140000001
bio19,37,43,281.62551
bio19,37,45,627.004664
bio19,37,46,485.62876900000003
bio19,37,48,471.216995
bio19,37,49,430.80100000000004
bio19,37,52,574.19096
bio19,37,53,575.074083
bio19,37,54,431.41198
bio19,37,55,428.247966
bio19,37,57,503.15127400000006
bio19,37,60,449.37424000000004
bio19,42,43,294.398504
bio19,42,45,50.98065
bio19,42,46,90.39524500000002
bio19,42,48,104.807019
bio19,42,49,145.22301399999998
bio19,42,52,1.8330540000000042
bio19,42,53,0.9499309999999923
bio19,42,54,144.612034
bio19,42,55,147.776048
bio19,42,57,72.87274
bio19,42,60,126.64977399999998
bio19,43,45,345.37915399999997
bio19,43,46,204.00325899999999
bio19,43,48,189.591485
bio19,43,49,149.17549000000002
bio19,43,52,292.56545
bio19,43,53,293.448573
bio19,43,54,149.78647
bio19,43,55,146.622456
bio19,43,57,221.525764
bio19,43,60,167.74873000000002
bio19,45,46,141.375895
bio19,45,48,155.787669
bio19,45,49,196.20366399999997
bio19,45,52,52.813704
bio19,45,53,51.93058099999999
bio19,45,54,195.592684
bio19,45,55,198.756698
bio19,45,57,123.85338999999999
bio19,45,60,177.63042399999998
bio19,46,48,14.41177399999998
bio19,46,49,54.82776899999996
bio19,46,52,88.56219100000001
bio19,46,53,89.44531400000002
bio19,46,54,54.21678899999998
bio19,46,55,57.380802999999986
bio19,46,57,17.522505000000024
bio19,46,60,36.25452899999996
bio19,48,49,40.41599499999998
bio19,48,52,102.97396499999999
bio19,48,53,103.857088
bio19,48,54,39.805015
bio19,48,55,42.969029000000006
bio19,48,57,31.934279000000004
bio19,48,60,21.842754999999983
bio19,49,52,143.38995999999997
bio19,49,53,144.27308299999999
bio19,49,54,0.6109799999999836
bio19,49,55,2.553034000000025
bio19,49,57,72.35027399999998
bio19,49,60,18.57324
bio19,52,53,0.8831230000000119
bio19,52,54,142.77898
bio19,52,55,145.942994
bio19,52,57,71.03968599999999
bio19,52,60,124.81671999999998
bio19,53,54,143.662103
bio19,53,55,146.826117
bio19,53,57,71.922809
bio19,53,60,125.69984299999999
bio19,54,55,3.1640140000000088
bio19,54,57,71.739294
bio19,54,60,17.962260000000015
bio19,55,57,74.90330800000001
bio19,55,60,21.126274000000024
bio19,57,60,53.777033999999986
bio2,1,2,3.2678606991666967
bio2,1,4,2.032891158333399
bio2,1,5,0.7750203461666025
bio2,1,6,3.2216419316666993
bio2,1,9,1.750574808333301
bio2,1,10,1.5672604800000016
bio2,1,11,4.451453460000003
bio2,1,12,2.637284675
bio2,1,13,1.6430258983333026
bio2,1,23,6.145230725000001
bio2,1,24,2.759090358333303
bio2,1,25,0.6298397433333989
bio2,1,26,0.20269359166660195
bio2,1,27,2.686161283333398
bio2,1,28,1.8181499833333028
bio2,1,32,9.998356416666699
bio2,1,33,4.297192844166698
bio2,1,37,8.336207594999998
bio2,1,42,0.8286911083333983
bio2,1,43,9.672614891666699
bio2,1,45,0.5796114808333002
bio2,1,46,0.8758211916666987
bio2,1,48,4.063651233333303
bio2,1,49,3.976548866666697
bio2,1,52,0.6348511916666979
bio2,1,53,0.9378406633333967
bio2,1,54,0.527317683333397
bio2,1,55,0.8245627499999983
bio2,1,57,2.1334390608333997
bio2,1,60,3.3598012083333018
bio2,2,4,1.2349695408332977
bio2,2,5,4.042881045333299
bio2,2,6,0.046218767499997426
bio2,2,9,5.018435507499998
bio2,2,10,4.835121179166698
bio2,2,11,7.7193141591667
bio2,2,12,5.905145374166697
bio2,2,13,4.910886597499999
bio2,2,23,9.413091424166698
bio2,2,24,6.0269510575
bio2,2,25,2.638020955833298
bio2,2,26,3.4705542908332987
bio2,2,27,0.5816994158332989
bio2,2,28,5.0860106824999995
bio2,2,32,6.730495717500002
bio2,2,33,1.0293321450000015
bio2,2,37,5.068346895833301
bio2,2,42,2.4391695908332984
bio2,2,43,6.404754192500002
bio2,2,45,3.847472179999997
bio2,2,46,2.392039507499998
bio2,2,48,7.3315119325
bio2,2,49,0.7086881675000001
bio2,2,52,2.633009507499999
bio2,2,53,2.3300200358333
bio2,2,54,2.7405430158332997
bio2,2,55,2.4432979491666984
bio2,2,57,1.134421638333297
bio2,2,60,6.6276619074999985
bio2,4,5,2.8079115045000016
bio2,4,6,1.1887507733333003
bio2,4,9,3.7834659666667
bio2,4,10,3.6001516383334007
bio2,4,11,6.484344618333402
bio2,4,12,4.670175833333399
bio2,4,13,3.6759170566667017
bio2,4,23,8.1781218833334
bio2,4,24,4.791981516666702
bio2,4,25,1.4030514150000002
bio2,4,26,2.235584750000001
bio2,4,27,0.6532701249999988
bio2,4,28,3.851041141666702
bio2,4,32,7.9654652583333
bio2,4,33,2.264301685833299
bio2,4,37,6.303316436666599
bio2,4,42,1.2042000500000007
bio2,4,43,7.6397237333333
bio2,4,45,2.6125026391666992
bio2,4,46,1.1570699666667004
bio2,4,48,6.096542391666702
bio2,4,49,1.9436577083332978
bio2,4,52,1.3980399666667012
bio2,4,53,1.0950504950000024
bio2,4,54,1.505573475000002
bio2,4,55,1.2083284083334007
bio2,4,57,0.10054790250000067
bio2,4,60,5.392692366666701
bio2,5,6,3.996662277833302
bio2,5,9,0.9755544621666985
bio2,5,10,0.7922401338333991
bio2,5,11,3.6764331138334008
bio2,5,12,1.8622643288333975
bio2,5,13,0.8680055521667001
bio2,5,23,5.370210378833399
bio2,5,24,1.9840700121667005
bio2,5,25,1.4048600895000014
bio2,5,26,0.5723267545000006
bio2,5,27,3.4611816295000004
bio2,5,28,1.0431296371667003
bio2,5,32,10.773376762833301
bio2,5,33,5.072213190333301
bio2,5,37,9.1112279411666
bio2,5,42,1.6037114545000009
bio2,5,43,10.447635237833302
bio2,5,45,0.19540886533330237
bio2,5,46,1.6508415378333012
bio2,5,48,3.2886308871667005
bio2,5,49,4.751569212833299
bio2,5,52,1.4098715378333004
bio2,5,53,1.7128610094999992
bio2,5,54,1.3023380294999995
bio2,5,55,1.5995830961666009
bio2,5,57,2.9084594070000023
bio2,5,60,2.5847808621666992
bio2,6,9,4.97221674
bio2,6,10,4.788902411666701
bio2,6,11,7.673095391666703
bio2,6,12,5.858926606666699
bio2,6,13,4.864667830000002
bio2,6,23,9.3668726566667
bio2,6,24,5.980732290000002
bio2,6,25,2.5918021883333004
bio2,6,26,3.4243355233333013
bio2,6,27,0.5354806483333014
bio2,6,28,5.039791915000002
bio2,6,32,6.776714484999999
bio2,6,33,1.075550912499999
bio2,6,37,5.114565663333298
bio2,6,42,2.392950823333301
bio2,6,43,6.45097296
bio2,6,45,3.8012534124999995
bio2,6,46,2.3458207400000006
bio2,6,48,7.285293165000002
bio2,6,49,0.7549069349999975
bio2,6,52,2.5867907400000014
bio2,6,53,2.2838012683333027
bio2,6,54,2.6943242483333023
bio2,6,55,2.397079181666701
bio2,6,57,1.0882028708332996
bio2,6,60,6.581443140000001
bio2,9,10,0.18331432833329941
bio2,9,11,2.7008786516667023
bio2,9,12,0.886709866666699
bio2,9,13,0.10754890999999844
bio2,9,23,4.3946559166667
bio2,9,24,1.008515550000002
bio2,9,25,2.3804145516667
bio2,9,26,1.547881216666699
bio2,9,27,4.436736091666699
bio2,9,28,0.06757517500000176
bio2,9,32,11.748931225
bio2,9,33,6.047767652499999
bio2,9,37,10.086782403333299
bio2,9,42,2.5792659166666994
bio2,9,43,11.4231897
bio2,9,45,1.1709633275000009
bio2,9,46,2.6263959999999997
bio2,9,48,2.313076425000002
bio2,9,49,5.727123674999998
bio2,9,52,2.385425999999999
bio2,9,53,2.6884154716666977
bio2,9,54,2.277892491666698
bio2,9,55,2.5751375583332994
bio2,9,57,3.8840138691667008
bio2,9,60,1.6092264000000007
bio2,10,11,2.8841929800000017
bio2,10,12,1.0700241949999985
bio2,10,13,0.07576541833330097
bio2,10,23,4.5779702449999995
bio2,10,24,1.1918298783333015
bio2,10,25,2.1971002233334005
bio2,10,26,1.3645668883333997
bio2,10,27,4.2534217633333995
bio2,10,28,0.2508895033333012
bio2,10,32,11.5656168966667
bio2,10,33,5.8644533241667
bio2,10,37,9.903468075
bio2,10,42,2.3959515883334
bio2,10,43,11.2398753716667
bio2,10,45,0.9876489991667015
bio2,10,46,2.4430816716667003
bio2,10,48,2.4963907533333014
bio2,10,49,5.5438093466666984
bio2,10,52,2.2021116716666995
bio2,10,53,2.5051011433333983
bio2,10,54,2.0945781633333986
bio2,10,55,2.39182323
bio2,10,57,3.7006995408334014
bio2,10,60,1.7925407283333001
bio2,11,12,1.8141687850000032
bio2,11,13,2.8084275616667007
bio2,11,23,1.6937772649999978
bio2,11,24,1.6923631016667002
bio2,11,25,5.081293203333402
bio2,11,26,4.248759868333401
bio2,11,27,7.137614743333401
bio2,11,28,2.6333034766667005
bio2,11,32,14.449809876666702
bio2,11,33,8.748646304166702
bio2,11,37,12.787661055000001
bio2,11,42,5.280144568333402
bio2,11,43,14.124068351666702
bio2,11,45,3.871841979166703
bio2,11,46,5.327274651666702
bio2,11,48,0.3878022266667003
bio2,11,49,8.4280023266667
bio2,11,52,5.086304651666701
bio2,11,53,5.3892941233334
bio2,11,54,4.9787711433334
bio2,11,55,5.276016210000002
bio2,11,57,6.584892520833403
bio2,11,60,1.0916522516667015
bio2,12,13,0.9942587766666975
bio2,12,23,3.507946050000001
bio2,12,24,0.121805683333303
bio2,12,25,3.267124418333399
bio2,12,26,2.434591083333398
bio2,12,27,5.323445958333398
bio2,12,28,0.8191346916666973
bio2,12,32,12.635641091666699
bio2,12,33,6.934477519166698
bio2,12,37,10.973492269999998
bio2,12,42,3.4659757833333984
bio2,12,43,12.309899566666699
bio2,12,45,2.0576731941667
bio2,12,46,3.5131058666666988
bio2,12,48,1.426366558333303
bio2,12,49,6.613833541666697
bio2,12,52,3.272135866666698
bio2,12,53,3.5751253383333967
bio2,12,54,3.164602358333397
bio2,12,55,3.4618474249999984
bio2,12,57,4.7707237358334
bio2,12,60,0.7225165333333017
bio2,13,23,4.5022048266666985
bio2,13,24,1.1160644600000005
bio2,13,25,2.2728656416667015
bio2,13,26,1.4403323066667006
bio2,13,27,4.3291871816667005
bio2,13,28,0.1751240850000002
bio2,13,32,11.641382315000001
bio2,13,33,5.940218742500001
bio2,13,37,9.9792334933333
bio2,13,42,2.471717006666701
bio2,13,43,11.315640790000002
bio2,13,45,1.0634144175000024
bio2,13,46,2.5188470900000013
bio2,13,48,2.4206253350000004
bio2,13,49,5.619574764999999
bio2,13,52,2.2778770900000005
bio2,13,53,2.5808665616666993
bio2,13,54,2.1703435816666996
bio2,13,55,2.467588648333301
bio2,13,57,3.7764649591667023
bio2,13,60,1.7167753099999992
bio2,23,24,3.386140366666698
bio2,23,25,6.7750704683334
bio2,23,26,5.942537133333399
bio2,23,27,8.831392008333399
bio2,23,28,4.327080741666698
bio2,23,32,16.1435871416667
bio2,23,33,10.4424235691667
bio2,23,37,14.481438319999999
bio2,23,42,6.973921833333399
bio2,23,43,15.8178456166667
bio2,23,45,5.565619244166701
bio2,23,46,7.0210519166667
bio2,23,48,2.081579491666698
bio2,23,49,10.121779591666698
bio2,23,52,6.780081916666699
bio2,23,53,7.083071388333398
bio2,23,54,6.672548408333398
bio2,23,55,6.9697934749999995
bio2,23,57,8.2786697858334
bio2,23,60,2.7854295166666994
bio2,24,25,3.388930101666702
bio2,24,26,2.556396766666701
bio2,24,27,5.445251641666701
bio2,24,28,0.9409403750000003
bio2,24,32,12.757446775000002
bio2,24,33,7.056283202500001
bio2,24,37,11.0952979533333
bio2,24,42,3.5877814666667014
bio2,24,43,12.431705250000002
bio2,24,45,2.179478877500003
bio2,24,46,3.6349115500000018
bio2,24,48,1.304560875
bio2,24,49,6.735639225
bio2,24,52,3.393941550000001
bio2,24,53,3.6969310216666997
bio2,24,54,3.2864080416667
bio2,24,55,3.5836531083333014
bio2,24,57,4.892529419166703
bio2,24,60,0.6007108499999987
bio2,25,26,0.8325333350000008
bio2,25,27,2.056321539999999
bio2,25,28,2.4479897266667017
bio2,25,32,9.3685166733333
bio2,25,33,3.6673531008332994
bio2,25,37,7.706367851666599
bio2,25,42,0.19885136499999945
bio2,25,43,9.0427751483333
bio2,25,45,1.209451224166699
bio2,25,46,0.24598144833329982
bio2,25,48,4.693490976666702
bio2,25,49,3.346709123333298
bio2,25,52,0.005011448333299029
bio2,25,53,0.3080009199999978
bio2,25,54,0.10252206000000186
bio2,25,55,0.19472300666659947
bio2,25,57,1.5035993175000009
bio2,25,60,3.9896409516667006
bio2,26,27,2.888854875
bio2,26,28,1.6154563916667009
bio2,26,32,10.2010500083333
bio2,26,33,4.4998864358333
bio2,26,37,8.5389011866666
bio2,26,42,1.0313847000000003
bio2,26,43,9.875308483333301
bio2,26,45,0.3769178891666982
bio2,26,46,1.0785147833333006
bio2,26,48,3.860957641666701
bio2,26,49,4.179242458333299
bio2,26,52,0.8375447833332998
bio2,26,53,1.1405342549999986
bio2,26,54,0.730011274999999
bio2,26,55,1.0272563416666003
bio2,26,57,2.3361326525000017
bio2,26,60,3.1571076166667
bio2,27,28,4.504311266666701
bio2,27,32,7.312195133333301
bio2,27,33,1.6110315608333003
bio2,27,37,5.6500463116666
bio2,27,42,1.8574701749999996
bio2,27,43,6.986453608333301
bio2,27,45,3.265772764166698
bio2,27,46,1.8103400916666992
bio2,27,48,6.749812516666701
bio2,27,49,1.290387583333299
bio2,27,52,2.0513100916667
bio2,27,53,1.7483206200000012
bio2,27,54,2.158843600000001
bio2,27,55,1.8615985333333995
bio2,27,57,0.5527222224999981
bio2,27,60,6.0459624916667
bio2,28,32,11.816506400000002
bio2,28,33,6.115342827500001
bio2,28,37,10.1543575783333
bio2,28,42,2.646841091666701
bio2,28,43,11.490764875000002
bio2,28,45,1.2385385025000026
bio2,28,46,2.6939711750000015
bio2,28,48,2.2455012500000002
bio2,28,49,5.79469885
bio2,28,52,2.4530011750000007
bio2,28,53,2.7559906466666995
bio2,28,54,2.3454676666667
bio2,28,55,2.642712733333301
bio2,28,57,3.9515890441667025
bio2,28,60,1.541651224999999
bio2,32,33,5.7011635725000005
bio2,32,37,1.662148821666701
bio2,32,42,9.1696653083333
bio2,32,43,0.32574152499999975
bio2,32,45,10.577967897499999
bio2,32,46,9.122535225
bio2,32,48,14.062007650000002
bio2,32,49,6.021807550000002
bio2,32,52,9.363505225
bio2,32,53,9.060515753333302
bio2,32,54,9.471038733333302
bio2,32,55,9.1737936666667
bio2,32,57,7.864917355833299
bio2,32,60,13.358157625
bio2,33,37,4.039014750833299
bio2,33,42,3.4685017358333
bio2,33,43,5.375422047500001
bio2,33,45,4.876804324999998
bio2,33,46,3.4213716524999995
bio2,33,48,8.360844077500001
bio2,33,49,0.3206439775000014
bio2,33,52,3.6623416525000003
bio2,33,53,3.3593521808333016
bio2,33,54,3.769875160833301
bio2,33,55,3.4726300941667
bio2,33,57,2.1637537833332985
bio2,33,60,7.6569940525
bio2,37,42,7.507516486666599
bio2,37,43,1.3364072966667013
bio2,37,45,8.915819075833298
bio2,37,46,7.460386403333299
bio2,37,48,12.3998588283333
bio2,37,49,4.359658728333301
bio2,37,52,7.7013564033333
bio2,37,53,7.398366931666601
bio2,37,54,7.808889911666601
bio2,37,55,7.511644844999999
bio2,37,57,6.202768534166598
bio2,37,60,11.6960088033333
bio2,42,43,8.8439237833333
bio2,42,45,1.4083025891666985
bio2,42,46,0.04713008333330038
bio2,42,48,4.892342341666701
bio2,42,49,3.1478577583332985
bio2,42,52,0.19383991666670042
bio2,42,53,0.10914955499999834
bio2,42,54,0.3013734250000013
bio2,42,55,0.004128358333399973
bio2,42,57,1.3047479525000014
bio2,42,60,4.1884923166667
bio2,43,45,10.2522263725
bio2,43,46,8.7967937
bio2,43,48,13.736266125000002
bio2,43,49,5.696066025000002
bio2,43,52,9.037763700000001
bio2,43,53,8.734774228333302
bio2,43,54,9.145297208333302
bio2,43,55,8.8480521416667
bio2,43,57,7.539175830833299
bio2,43,60,13.0324161
bio2,45,46,1.4554326724999989
bio2,45,48,3.484039752500003
bio2,45,49,4.556160347499997
bio2,45,52,1.214462672499998
bio2,45,53,1.5174521441666968
bio2,45,54,1.1069291641666972
bio2,45,55,1.4041742308332985
bio2,45,57,2.7130505416667
bio2,45,60,2.7801897275000016
bio2,46,48,4.939472425000002
bio2,46,49,3.100727674999998
bio2,46,52,0.2409700000000008
bio2,46,53,0.06201947166669797
bio2,46,54,0.3485035083333017
bio2,46,55,0.05125844166670035
bio2,46,57,1.257617869166701
bio2,46,60,4.2356224000000005
bio2,48,49,8.0402001
bio2,48,52,4.698502425000001
bio2,48,53,5.0014918966667
bio2,48,54,4.5909689166667
bio2,48,55,4.888213983333301
bio2,48,57,6.197090294166703
bio2,48,60,0.7038500250000013
bio2,49,52,3.341697674999999
bio2,49,53,3.0387082033333
bio2,49,54,3.4492311833333
bio2,49,55,3.1519861166666985
bio2,49,57,1.843109805833297
bio2,49,60,7.336350074999999
bio2,52,53,0.30298947166669876
bio2,52,54,0.10753350833330089
bio2,52,55,0.18971155833330045
bio2,52,57,1.4985878691667018
bio2,52,60,3.9946523999999997
bio2,53,54,0.41052297999999965
bio2,53,55,0.11327791333339832
bio2,53,57,1.195598397500003
bio2,53,60,4.297641871666698
bio2,54,55,0.29724506666660133
bio2,54,57,1.6061213775000027
bio2,54,60,3.8871188916666988
bio2,55,57,1.3088763108334014
bio2,55,60,4.1843639583333
bio2,57,60,5.4932402691667015
bio3,1,2,2.5435950711208974
bio3,1,4,5.6550636271505965
bio3,1,5,6.358711935901496
bio3,1,6,4.3681601492940985
bio3,1,9,1.949081244791003
bio3,1,10,7.187704150786196
bio3,1,11,0.19181081578630454
bio3,1,12,0.19669331435640203
bio3,1,13,7.192499124849498
bio3,1,23,4.355397363756801
bio3,1,24,4.436426850140897
bio3,1,25,0.12194649023010129
bio3,1,26,11.2104711586488
bio3,1,27,3.6120249474478
bio3,1,28,6.598527661622995
bio3,1,32,4.942345452626803
bio3,1,33,0.9144096257421026
bio3,1,37,4.167074406247998
bio3,1,42,3.027601938947896
bio3,1,43,5.109810445680303
bio3,1,45,5.5920336063053995
bio3,1,46,4.4152095934366
bio3,1,48,3.5702157170334985
bio3,1,49,2.3787920135997993
bio3,1,52,4.599437436508197
bio3,1,53,3.9990542912128006
bio3,1,54,4.230163448557796
bio3,1,55,4.501427940509501
bio3,1,57,4.4185987025025995
bio3,1,60,13.083428539044597
bio3,2,4,3.111468556029699
bio3,2,5,3.815116864780599
bio3,2,6,1.824565078173201
bio3,2,9,4.4926763159119005
bio3,2,10,4.644109079665299
bio3,2,11,2.735405886907202
bio3,2,12,2.7402883854772995
bio3,2,13,4.6489040537286
bio3,2,23,6.898992434877698
bio3,2,24,1.8928317790199998
bio3,2,25,2.421648580890796
bio3,2,26,8.666876087527903
bio3,2,27,6.155620018568698
bio3,2,28,4.054932590502098
bio3,2,32,7.485940523747701
bio3,2,33,3.458004696863
bio3,2,37,6.710669477368896
bio3,2,42,0.48400686782699864
bio3,2,43,7.6534055168012
bio3,2,45,3.048438535184502
bio3,2,46,1.8716145223157028
bio3,2,48,6.113810788154396
bio3,2,49,4.922387084720697
bio3,2,52,2.0558423653872993
bio3,2,53,1.4554592200919032
bio3,2,54,1.686568377436899
bio3,2,55,1.9578328693886036
bio3,2,57,1.875003631381702
bio3,2,60,10.5398334679237
bio3,4,5,0.7036483087508998
bio3,4,6,1.286903477856498
bio3,4,9,7.6041448719416
bio3,4,10,1.5326405236355995
bio3,4,11,5.846874442936901
bio3,4,12,5.8517569415069985
bio3,4,13,1.537435497698901
bio3,4,23,10.010460990907397
bio3,4,24,1.2186367770096993
bio3,4,25,5.533117136920495
bio3,4,26,5.555407531498204
bio3,4,27,9.267088574598397
bio3,4,28,0.9434640344723988
bio3,4,32,10.5974090797774
bio3,4,33,6.569473252892699
bio3,4,37,9.822138033398595
bio3,4,42,2.6274616882027004
bio3,4,43,10.7648740728309
bio3,4,45,0.06303002084519704
bio3,4,46,1.2398540337139963
bio3,4,48,9.225279344184095
bio3,4,49,8.033855640750396
bio3,4,52,1.0556261906423998
bio3,4,53,1.6560093359377959
bio3,4,54,1.4249001785928002
bio3,4,55,1.1536356866410955
bio3,4,57,1.236464924647997
bio3,4,60,7.4283649118940005
bio3,5,6,1.9905517866073978
bio3,5,9,8.3077931806925
bio3,5,10,0.8289922148846998
bio3,5,11,6.550522751687801
bio3,5,12,6.555405250257898
bio3,5,13,0.8337871889480013
bio3,5,23,10.714109299658297
bio3,5,24,1.922285085760599
bio3,5,25,6.236765445671395
bio3,5,26,4.8517592227473045
bio3,5,27,9.970736883349296
bio3,5,28,0.239815725721499
bio3,5,32,11.3010573885283
bio3,5,33,7.273121561643599
bio3,5,37,10.525786342149495
bio3,5,42,3.3311099969536
bio3,5,43,11.4685223815818
bio3,5,45,0.7666783295960968
bio3,5,46,1.943502342464896
bio3,5,48,9.928927652934995
bio3,5,49,8.737503949501296
bio3,5,52,1.7592744993932996
bio3,5,53,2.3596576446886957
bio3,5,54,2.1285484873437
bio3,5,55,1.8572839953919953
bio3,5,57,1.9401132333988969
bio3,5,60,6.724716603143101
bio3,6,9,6.3172413940851015
bio3,6,10,2.8195440014920976
bio3,6,11,4.559970965080403
bio3,6,12,4.5648534636505005
bio3,6,13,2.824338975555399
bio3,6,23,8.723557513050899
bio3,6,24,0.06826670084679876
bio3,6,25,4.246213659063997
bio3,6,26,6.842311009354702
bio3,6,27,7.980185096741899
bio3,6,28,2.230367512328897
bio3,6,32,9.310505601920902
bio3,6,33,5.282569775036201
bio3,6,37,8.535234555542097
bio3,6,42,1.3405582103462024
bio3,6,43,9.477970594974401
bio3,6,45,1.223873457011301
bio3,6,46,0.047049444142501784
bio3,6,48,7.938375866327597
bio3,6,49,6.746952162893898
bio3,6,52,0.23127728721409824
bio3,6,53,0.3691058580812978
bio3,6,54,0.1379967007363021
bio3,6,55,0.13326779121540255
bio3,6,57,0.05043855320850099
bio3,6,60,8.715268389750499
bio3,9,10,9.1367853955772
bio3,9,11,1.7572704290046985
bio3,9,12,1.752387930434601
bio3,9,13,9.1415803696405
bio3,9,23,2.4063161189657976
bio3,9,24,6.3855080949319
bio3,9,25,2.0710277350211044
bio3,9,26,13.159552403439804
bio3,9,27,1.662943702656797
bio3,9,28,8.547608906413998
bio3,9,32,2.9932642078358
bio3,9,33,1.0346716190489005
bio3,9,37,2.217993161456995
bio3,9,42,4.976683183738899
bio3,9,43,3.1607292008892998
bio3,9,45,7.541114851096403
bio3,9,46,6.364290838227603
bio3,9,48,1.6211344722424954
bio3,9,49,0.4297107688087962
bio3,9,52,6.5485186812992
bio3,9,53,5.948135536003804
bio3,9,54,6.1792446933487994
bio3,9,55,6.450509185300504
bio3,9,57,6.3676799472936025
bio3,9,60,15.0325097838356
bio3,10,11,7.379514966572501
bio3,10,12,7.384397465142598
bio3,10,13,0.004794974063301538
bio3,10,23,11.543101514542997
bio3,10,24,2.751277300645299
bio3,10,25,7.065757660556095
bio3,10,26,4.022767007862605
bio3,10,27,10.799729098233996
bio3,10,28,0.5891764891632008
bio3,10,32,12.130049603413
bio3,10,33,8.102113776528299
bio3,10,37,11.354778557034194
bio3,10,42,4.1601022118383
bio3,10,43,12.297514596466499
bio3,10,45,1.5956705444807966
bio3,10,46,2.772494557349596
bio3,10,48,10.757919867819695
bio3,10,49,9.566496164385995
bio3,10,52,2.5882667142779994
bio3,10,53,3.1886498595733954
bio3,10,54,2.9575407022283997
bio3,10,55,2.686276210276695
bio3,10,57,2.7691054482835966
bio3,10,60,5.895724388258401
bio3,11,12,0.004882498570097482
bio3,11,13,7.384309940635802
bio3,11,23,4.163586547970496
bio3,11,24,4.628237665927202
bio3,11,25,0.31375730601640583
bio3,11,26,11.402281974435105
bio3,11,27,3.4202141316614956
bio3,11,28,6.7903384774093
bio3,11,32,4.750534636840499
bio3,11,33,0.7225988099557981
bio3,11,37,3.9752635904616938
bio3,11,42,3.2194127547342006
bio3,11,43,4.917999629893998
bio3,11,45,5.783844422091704
bio3,11,46,4.607020409222905
bio3,11,48,3.378404901247194
bio3,11,49,2.1869811978134948
bio3,11,52,4.791248252294501
bio3,11,53,4.190865106999105
bio3,11,54,4.421974264344101
bio3,11,55,4.693238756295806
bio3,11,57,4.610409518288904
bio3,11,60,13.275239354830902
bio3,12,13,7.3891924392059
bio3,12,23,4.158704049400399
bio3,12,24,4.633120164497299
bio3,12,25,0.3186398045865033
bio3,12,26,11.407164473005203
bio3,12,27,3.415331633091398
bio3,12,28,6.795220975979397
bio3,12,32,4.745652138270401
bio3,12,33,0.7177163113857006
bio3,12,37,3.9703810918915963
bio3,12,42,3.224295253304298
bio3,12,43,4.913117131323901
bio3,12,45,5.7887269206618015
bio3,12,46,4.611902907793002
bio3,12,48,3.3735224026770965
bio3,12,49,2.1820986992433973
bio3,12,52,4.796130750864599
bio3,12,53,4.195747605569203
bio3,12,54,4.426856762914198
bio3,12,55,4.698121254865903
bio3,12,57,4.6152920168590015
bio3,12,60,13.280121853400999
bio3,13,23,11.547896488606298
bio3,13,24,2.7560722747086004
bio3,13,25,7.070552634619396
bio3,13,26,4.017972033799303
bio3,13,27,10.804524072297298
bio3,13,28,0.5939714632265023
bio3,13,32,12.1348445774763
bio3,13,33,8.1069087505916
bio3,13,37,11.359573531097496
bio3,13,42,4.1648971859016015
bio3,13,43,12.3023095705298
bio3,13,45,1.6004655185440981
bio3,13,46,2.7772895314128974
bio3,13,48,10.762714841882996
bio3,13,49,9.571291138449297
bio3,13,52,2.593061688341301
bio3,13,53,3.193444833636697
bio3,13,54,2.9623356762917012
bio3,13,55,2.6910711843399966
bio3,13,57,2.773900422346898
bio3,13,60,5.890929414195099
bio3,23,24,8.791824213897698
bio3,23,25,4.477343853986902
bio3,23,26,15.565868522405601
bio3,23,27,0.7433724163090005
bio3,23,28,10.953925025379796
bio3,23,32,0.5869480888700025
bio3,23,33,3.440987738014698
bio3,23,37,0.18832295750880235
bio3,23,42,7.382999302704697
bio3,23,43,0.7544130819235022
bio3,23,45,9.9474309700622
bio3,23,46,8.7706069571934
bio3,23,48,0.7851816467233022
bio3,23,49,1.9766053501570013
bio3,23,52,8.954834800264997
bio3,23,53,8.354451654969601
bio3,23,54,8.585560812314597
bio3,23,55,8.856825304266302
bio3,23,57,8.7739960662594
bio3,23,60,17.438825902801398
bio3,24,25,4.314480359910796
bio3,24,26,6.774044308507904
bio3,24,27,8.048451797588697
bio3,24,28,2.162100811482098
bio3,24,32,9.3787723027677
bio3,24,33,5.350836475883
bio3,24,37,8.603501256388896
bio3,24,42,1.4088249111930011
bio3,24,43,9.5462372958212
bio3,24,45,1.1556067561645023
bio3,24,46,0.021217256704296972
bio3,24,48,8.006642567174396
bio3,24,49,6.8152188637406965
bio3,24,52,0.16301058636729948
bio3,24,53,0.43737255892809657
bio3,24,54,0.20626340158310086
bio3,24,55,0.0650010903686038
bio3,24,57,0.017828147638297764
bio3,24,60,8.6470016889037
bio3,25,26,11.0885246684187
bio3,25,27,3.7339714376779014
bio3,25,28,6.476581171392894
bio3,25,32,5.064291942856904
bio3,25,33,1.036356115972204
bio3,25,37,4.2890208964781
bio3,25,42,2.905655448717795
bio3,25,43,5.231756935910404
bio3,25,45,5.470087116075298
bio3,25,46,4.293263103206499
bio3,25,48,3.6921622072636
bio3,25,49,2.5007385038299006
bio3,25,52,4.477490946278095
bio3,25,53,3.8771078009826994
bio3,25,54,4.108216958327695
bio3,25,55,4.3794814502794
bio3,25,57,4.296652212272498
bio3,25,60,12.961482048814496
bio3,26,27,14.822496106096601
bio3,26,28,4.6119434970258055
bio3,26,32,16.152816611275604
bio3,26,33,12.124880784390903
bio3,26,37,15.3775455648968
bio3,26,42,8.182869219700905
bio3,26,43,16.320281604329104
bio3,26,45,5.618437552343401
bio3,26,46,6.795261565212201
bio3,26,48,14.7806868756823
bio3,26,49,13.5892631722486
bio3,26,52,6.611033722140604
bio3,26,53,7.211416867436
bio3,26,54,6.9803077100910045
bio3,26,55,6.7090432181393
bio3,26,57,6.791872456146201
bio3,26,60,1.8729573803957962
bio3,27,28,10.210552609070795
bio3,27,32,1.330320505179003
bio3,27,33,2.6976153217056975
bio3,27,37,0.5550494588001982
bio3,27,42,6.639626886395696
bio3,27,43,1.4977854982325027
bio3,27,45,9.2040585537532
bio3,27,46,8.0272345408844
bio3,27,48,0.041809230414301624
bio3,27,49,1.2332329338480008
bio3,27,52,8.211462383955997
bio3,27,53,7.611079238660601
bio3,27,54,7.8421883960055965
bio3,27,55,8.113452887957301
bio3,27,57,8.0306236499504
bio3,27,60,16.695453486492397
bio3,28,32,11.540873114249798
bio3,28,33,7.512937287365098
bio3,28,37,10.765602067870994
bio3,28,42,3.5709257226750992
bio3,28,43,11.708338107303298
bio3,28,45,1.0064940553175958
bio3,28,46,2.183318068186395
bio3,28,48,10.168743378656494
bio3,28,49,8.977319675222795
bio3,28,52,1.9990902251147986
bio3,28,53,2.5994733704101947
bio3,28,54,2.368364213065199
bio3,28,55,2.0970997211134943
bio3,28,57,2.179928959120396
bio3,28,60,6.484900877421602
bio3,32,33,4.0279358268847005
bio3,32,37,0.7752710463788048
bio3,32,42,7.969947391574699
bio3,32,43,0.1674649930534997
bio3,32,45,10.534379058932203
bio3,32,46,9.357555046063403
bio3,32,48,1.3721297355933046
bio3,32,49,2.563553439027004
bio3,32,52,9.541782889135
bio3,32,53,8.941399743839604
bio3,32,54,9.1725089011846
bio3,32,55,9.443773393136304
bio3,32,57,9.360944155129403
bio3,32,60,18.0257739916714
bio3,33,37,3.2526647805058957
bio3,33,42,3.9420115646899987
bio3,33,43,4.1954008199382
bio3,33,45,6.506443232047502
bio3,33,46,5.329619219178703
bio3,33,48,2.655806091291396
bio3,33,49,1.4643823878576967
bio3,33,52,5.513847062250299
bio3,33,53,4.913463916954903
bio3,33,54,5.144573074299899
bio3,33,55,5.415837566251604
bio3,33,57,5.333008328244702
bio3,33,60,13.9978381647867
bio3,37,42,7.194676345195894
bio3,37,43,0.9427360394323046
bio3,37,45,9.759108012553398
bio3,37,46,8.582283999684599
bio3,37,48,0.5968586892144998
bio3,37,49,1.788282392648199
bio3,37,52,8.766511842756195
bio3,37,53,8.166128697460799
bio3,37,54,8.397237854805795
bio3,37,55,8.6685023467575
bio3,37,57,8.585673108750598
bio3,37,60,17.250502945292595
bio3,42,43,8.137412384628199
bio3,42,45,2.5644316673575034
bio3,42,46,1.3876076544887042
bio3,42,48,6.597817655981395
bio3,42,49,5.406393952547695
bio3,42,52,1.5718354975603006
bio3,42,53,0.9714523522649046
bio3,42,54,1.2025615096099003
bio3,42,55,1.473826001561605
bio3,42,57,1.3909967635547034
bio3,42,60,10.055826600096701
bio3,43,45,10.701844051985702
bio3,43,46,9.525020039116903
bio3,43,48,1.5395947286468044
bio3,43,49,2.7310184320805035
bio3,43,52,9.7092478821885
bio3,43,53,9.108864736893103
bio3,43,54,9.3399738942381
bio3,43,55,9.611238386189804
bio3,43,57,9.528409148182902
bio3,43,60,18.1932389847249
bio3,45,46,1.1768240128687992
bio3,45,48,9.162249323338898
bio3,45,49,7.970825619905199
bio3,45,52,0.9925961697972028
bio3,45,53,1.5929793150925988
bio3,45,54,1.3618701577476031
bio3,45,55,1.0906056657958985
bio3,45,57,1.1734349038028
bio3,45,60,7.4913949327391975
bio3,46,48,7.985425310470099
bio3,46,49,6.7940016070363995
bio3,46,52,0.18422784307159645
bio3,46,53,0.4161553022237996
bio3,46,54,0.1850461448788039
bio3,46,55,0.08621834707290077
bio3,46,57,0.0033891090659992074
bio3,46,60,8.668218945607997
bio3,48,49,1.1914237034336992
bio3,48,52,8.169653153541695
bio3,48,53,7.569270008246299
bio3,48,54,7.800379165591295
bio3,48,55,8.071643657543
bio3,48,57,7.988814419536098
bio3,48,60,16.653644256078096
bio3,49,52,6.978229450107996
bio3,49,53,6.3778463048126
bio3,49,54,6.608955462157596
bio3,49,55,6.8802199541093
bio3,49,57,6.797390716102399
bio3,49,60,15.462220552644396
bio3,52,53,0.600383145295396
bio3,52,54,0.36927398795040034
bio3,52,55,0.09800949599869568
bio3,52,57,0.18083873400559725
bio3,52,60,8.4839911025364
bio3,53,54,0.2311091573449957
bio3,53,55,0.5023736492967004
bio3,53,57,0.4195444112897988
bio3,53,60,9.084374247831796
bio3,54,55,0.27126449195170466
bio3,54,57,0.1884352539448031
bio3,54,60,8.8532650904868
bio3,55,57,0.08282923800690156
bio3,55,60,8.582000598535096
bio3,57,60,8.664829836541998
bio4,1,2,45.999094501694
bio4,1,4,105.52712843402503
bio4,1,5,28.07424175776896
bio4,1,6,82.36477196736598
bio4,1,9,192.42988663113601
bio4,1,10,28.045878077862994
bio4,1,11,269.307377122528
bio4,1,12,183.54207530492602
bio4,1,13,27.070080347182966
bio4,1,23,615.2887810615331
bio4,1,24,74.98692178670206
bio4,1,25,21.118390327981047
bio4,1,26,134.46703104468202
bio4,1,27,141.71138405735303
bio4,1,28,16.397880643915983
bio4,1,32,148.93195757867704
bio4,1,33,44.11445520670202
bio4,1,37,158.98812387312898
bio4,1,42,97.66762034515796
bio4,1,43,115.41348579120904
bio4,1,45,49.24115070765697
bio4,1,46,28.09059875323294
bio4,1,48,397.8087814323329
bio4,1,49,15.216237411995053
bio4,1,52,9.46273973699897
bio4,1,53,22.37325547953401
bio4,1,54,15.640484914071976
bio4,1,55,51.54966818861601
bio4,1,57,67.15106732794402
bio4,1,60,39.07211917182701
bio4,2,4,59.52803393233103
bio4,2,5,74.07333625946296
bio4,2,6,36.36567746567198
bio4,2,9,238.42898113283002
bio4,2,10,74.044972579557
bio4,2,11,315.306471624222
bio4,2,12,229.54116980662002
bio4,2,13,73.06917484887697
bio4,2,23,661.2878755632271
bio4,2,24,120.98601628839606
bio4,2,25,67.11748482967505
bio4,2,26,88.46793654298801
bio4,2,27,187.71047855904703
bio4,2,28,62.396975145609986
bio4,2,32,102.93286307698304
bio4,2,33,1.8846392949919846
bio4,2,37,112.98902937143498
bio4,2,42,143.66671484685196
bio4,2,43,69.41439128951504
bio4,2,45,95.24024520935097
bio4,2,46,17.908495748461064
bio4,2,48,443.8078759340269
bio4,2,49,61.215331913689056
bio4,2,52,55.46183423869297
bio4,2,53,68.37234998122801
bio4,2,54,30.358609587622027
bio4,2,55,5.550573686922007
bio4,2,57,21.151972826250017
bio4,2,60,6.926975329866991
bio4,4,5,133.601370191794
bio4,4,6,23.16235646665905
bio4,4,9,297.95701506516104
bio4,4,10,133.57300651188802
bio4,4,11,374.83450555655304
bio4,4,12,289.06920373895105
bio4,4,13,132.597208781208
bio4,4,23,720.8159094955581
bio4,4,24,180.51405022072709
bio4,4,25,126.64551876200608
bio4,4,26,28.939902610656986
bio4,4,27,247.23851249137806
bio4,4,28,121.92500907794101
bio4,4,32,43.40482914465201
bio4,4,33,61.41267322732301
bio4,4,37,53.460995439103954
bio4,4,42,203.194748779183
bio4,4,43,9.88635735718401
bio4,4,45,154.768279141682
bio4,4,46,77.43652968079209
bio4,4,48,503.33590986635795
bio4,4,49,120.74336584602008
bio4,4,52,114.989868171024
bio4,4,53,127.90038391355904
bio4,4,54,89.88664351995305
bio4,4,55,53.97746024540902
bio4,4,57,38.37606110608101
bio4,4,60,66.45500926219802
bio4,5,6,110.43901372513494
bio4,5,9,164.35564487336705
bio4,5,10,0.028363679905965
bio4,5,11,241.23313536475905
bio4,5,12,155.46783354715706
bio4,5,13,1.0041614105859935
bio4,5,23,587.2145393037641
bio4,5,24,46.912680028933096
bio4,5,25,6.955851429787913
bio4,5,26,162.54127280245098
bio4,5,27,113.63714229958407
bio4,5,28,11.676361113852977
bio4,5,32,177.006199336446
bio4,5,33,72.18869696447098
bio4,5,37,187.06236563089794
bio4,5,42,69.593378587389
bio4,5,43,143.487727548978
bio4,5,45,21.16690894988801
bio4,5,46,56.1648405110019
bio4,5,48,369.73453967456396
bio4,5,49,12.858004345773907
bio4,5,52,18.61150202076999
bio4,5,53,5.70098627823495
bio4,5,54,43.714726671840936
bio4,5,55,79.62390994638497
bio4,5,57,95.22530908571298
bio4,5,60,67.14636092959597
bio4,6,9,274.794658598502
bio4,6,10,110.41065004522898
bio4,6,11,351.672149089894
bio4,6,12,265.906847272292
bio4,6,13,109.43485231454895
bio4,6,23,697.6535530288991
bio4,6,24,157.35169375406804
bio4,6,25,103.48316229534703
bio4,6,26,52.102259077316035
bio4,6,27,224.076156024719
bio4,6,28,98.76265261128196
bio4,6,32,66.56718561131106
bio4,6,33,38.250316760663964
bio4,6,37,76.623351905763
bio4,6,42,180.03239231252394
bio4,6,43,33.04871382384306
bio4,6,45,131.60592267502295
bio4,6,46,54.27417321413304
bio4,6,48,480.1735533996989
bio4,6,49,97.58100937936103
bio4,6,52,91.82751170436495
bio4,6,53,104.73802744689999
bio4,6,54,66.724287053294
bio4,6,55,30.81510377874997
bio4,6,57,15.213704639421962
bio4,6,60,43.29265279553897
bio4,9,10,164.38400855327302
bio4,9,11,76.877490491392
bio4,9,12,8.887811326209999
bio4,9,13,165.35980628395305
bio4,9,23,422.8588944303971
bio4,9,24,117.44296484443396
bio4,9,25,171.31149630315497
bio4,9,26,326.89691767581803
bio4,9,27,50.718502573782985
bio4,9,28,176.03200598722003
bio4,9,32,341.36184420981306
bio4,9,33,236.54434183783803
bio4,9,37,351.418010504265
bio4,9,42,94.76226628597806
bio4,9,43,307.84337242234506
bio4,9,45,143.18873592347904
bio4,9,46,220.52048538436895
bio4,9,48,205.3788948011969
bio4,9,49,177.21364921914096
bio4,9,52,182.96714689413704
bio4,9,53,170.056631151602
bio4,9,54,208.070371545208
bio4,9,55,243.97955481975202
bio4,9,57,259.58095395908003
bio4,9,60,231.50200580296303
bio4,10,11,241.26149904466502
bio4,10,12,155.49619722706302
bio4,10,13,0.9757977306800285
bio4,10,23,587.2429029836701
bio4,10,24,46.94104370883906
bio4,10,25,6.927487749881948
bio4,10,26,162.512909122545
bio4,10,27,113.66550597949004
bio4,10,28,11.647997433947012
bio4,10,32,176.97783565654004
bio4,10,33,72.16033328456501
bio4,10,37,187.03400195099198
bio4,10,42,69.62174226729496
bio4,10,43,143.45936386907204
bio4,10,45,21.195272629793976
bio4,10,46,56.13647683109593
bio4,10,48,369.7629033544699
bio4,10,49,12.829640665867942
bio4,10,52,18.583138340864025
bio4,10,53,5.672622598328985
bio4,10,54,43.68636299193497
bio4,10,55,79.595546266479
bio4,10,57,95.19694540580701
bio4,10,60,67.11799724969
bio4,11,12,85.765301817602
bio4,11,13,242.23729677534504
bio4,11,23,345.9814039390051
bio4,11,24,194.32045533582595
bio4,11,25,248.18898679454696
bio4,11,26,403.77440816721
bio4,11,27,127.59599306517498
bio4,11,28,252.90949647861203
bio4,11,32,418.23933470120505
bio4,11,33,313.42183232923
bio4,11,37,428.295500995657
bio4,11,42,171.63975677737005
bio4,11,43,384.72086291373705
bio4,11,45,220.06622641487104
bio4,11,46,297.39797587576095
bio4,11,48,128.5014043098049
bio4,11,49,254.09113971053296
bio4,11,52,259.84463738552904
bio4,11,53,246.934121642994
bio4,11,54,284.9478620366
bio4,11,55,320.857045311144
bio4,11,57,336.45844445047203
bio4,11,60,308.379496294355
bio4,12,13,156.47199495774305
bio4,12,23,431.74670575660707
bio4,12,24,108.55515351822396
bio4,12,25,162.42368497694497
bio4,12,26,318.00910634960803
bio4,12,27,41.830691247572986
bio4,12,28,167.14419466101003
bio4,12,32,332.47403288360306
bio4,12,33,227.65653051162803
bio4,12,37,342.530199178055
bio4,12,42,85.87445495976806
bio4,12,43,298.95556109613506
bio4,12,45,134.30092459726905
bio4,12,46,211.63267405815895
bio4,12,48,214.2667061274069
bio4,12,49,168.32583789293096
bio4,12,52,174.07933556792705
bio4,12,53,161.168819825392
bio4,12,54,199.182560218998
bio4,12,55,235.09174349354203
bio4,12,57,250.69314263287004
bio4,12,60,222.61419447675303
bio4,13,23,588.2187007143501
bio4,13,24,47.91684143951909
bio4,13,25,5.951690019201919
bio4,13,26,161.53711139186498
bio4,13,27,114.64130371017006
bio4,13,28,10.672199703266983
bio4,13,32,176.00203792586
bio4,13,33,71.18453555388498
bio4,13,37,186.05820422031195
bio4,13,42,70.59753999797499
bio4,13,43,142.483566138392
bio4,13,45,22.171070360474005
bio4,13,46,55.160679100415905
bio4,13,48,370.73870108514996
bio4,13,49,11.853842935187913
bio4,13,52,17.607340610183996
bio4,13,53,4.696824867648957
bio4,13,54,42.71056526125494
bio4,13,55,78.61974853579898
bio4,13,57,94.22114767512699
bio4,13,60,66.14219951900998
bio4,23,24,540.301859274831
bio4,23,25,594.170390733552
bio4,23,26,749.7558121062151
bio4,23,27,473.57739700418006
bio4,23,28,598.8909004176171
bio4,23,32,764.2207386402101
bio4,23,33,659.4032362682351
bio4,23,37,774.2769049346621
bio4,23,42,517.6211607163751
bio4,23,43,730.7022668527421
bio4,23,45,566.0476303538761
bio4,23,46,643.379379814766
bio4,23,48,217.47999962920017
bio4,23,49,600.072543649538
bio4,23,52,605.8260413245341
bio4,23,53,592.9155255819991
bio4,23,54,630.9292659756051
bio4,23,55,666.8384492501491
bio4,23,57,682.4398483894771
bio4,23,60,654.3609002333601
bio4,24,25,53.86853145872101
bio4,24,26,209.45395283138407
bio4,24,27,66.72446227065097
bio4,24,28,58.58904114278607
bio4,24,32,223.9188793653791
bio4,24,33,119.10137699340407
bio4,24,37,233.97504565983104
bio4,24,42,22.6806985584559
bio4,24,43,190.4004075779111
bio4,24,45,25.745771079045085
bio4,24,46,103.077520539935
bio4,24,48,322.82185964563087
bio4,24,49,59.770684374707
bio4,24,52,65.52418204970309
bio4,24,53,52.613666307168046
bio4,24,54,90.62740670077403
bio4,24,55,126.53658997531807
bio4,24,57,142.13798911464607
bio4,24,60,114.05904095852907
bio4,25,26,155.58542137266306
bio4,25,27,120.59299372937198
bio4,25,28,4.720509684065064
bio4,25,32,170.0503479066581
bio4,25,33,65.23284553468307
bio4,25,37,180.10651420111003
bio4,25,42,76.54923001717691
bio4,25,43,136.5318761191901
bio4,25,45,28.122760379675924
bio4,25,46,49.208989081213986
bio4,25,48,376.6903911043519
bio4,25,49,5.902152915985994
bio4,25,52,11.655650590982077
bio4,25,53,1.2548651515529627
bio4,25,54,36.75887524205302
bio4,25,55,72.66805851659706
bio4,25,57,88.26945765592507
bio4,25,60,60.19050949980806
bio4,26,27,276.17841510203505
bio4,26,28,150.864911688598
bio4,26,32,14.464926533995026
bio4,26,33,90.35257583798
bio4,26,37,24.521092828446967
bio4,26,42,232.13465138983997
bio4,26,43,19.053545253472976
bio4,26,45,183.708181752339
bio4,26,46,106.37643229144908
bio4,26,48,532.2758124770149
bio4,26,49,149.68326845667707
bio4,26,52,143.929770781681
bio4,26,53,156.84028652421603
bio4,26,54,118.82654613061004
bio4,26,55,82.917362856066
bio4,26,57,67.315963716738
bio4,26,60,95.394911872855
bio4,27,28,125.31350341343705
bio4,27,32,290.6433416360301
bio4,27,33,185.82583926405505
bio4,27,37,300.699507930482
bio4,27,42,44.04376371219507
bio4,27,43,257.12486984856207
bio4,27,45,92.47023334969606
bio4,27,46,169.80198281058597
bio4,27,48,256.0973973749799
bio4,27,49,126.49514664535798
bio4,27,52,132.24864432035406
bio4,27,53,119.33812857781902
bio4,27,54,157.351868971425
bio4,27,55,193.26105224596904
bio4,27,57,208.86245138529705
bio4,27,60,180.78350322918004
bio4,28,32,165.32983822259303
bio4,28,33,60.512335850618
bio4,28,37,175.38600451704497
bio4,28,42,81.26973970124197
bio4,28,43,131.81136643512502
bio4,28,45,32.84327006374099
bio4,28,46,44.48847939714892
bio4,28,48,381.41090078841694
bio4,28,49,1.1816432319209298
bio4,28,52,6.935140906917013
bio4,28,53,5.975374835618027
bio4,28,54,32.03836555798796
bio4,28,55,67.947548832532
bio4,28,57,83.54894797186
bio4,28,60,55.469999815742995
bio4,32,33,104.81750237197502
bio4,32,37,10.056166294451941
bio4,32,42,246.599577923835
bio4,32,43,33.518471787468
bio4,32,45,198.173108286334
bio4,32,46,120.8413588254441
bio4,32,48,546.74073901101
bio4,32,49,164.1481949906721
bio4,32,52,158.394697315676
bio4,32,53,171.30521305821105
bio4,32,54,133.29147266460507
bio4,32,55,97.38228939006103
bio4,32,57,81.78089025073302
bio4,32,60,109.85983840685003
bio4,33,37,114.87366866642697
bio4,33,42,141.78207555185998
bio4,33,43,71.29903058450702
bio4,33,45,93.35560591435899
bio4,33,46,16.02385645346908
bio4,33,48,441.92323663903494
bio4,33,49,59.33069261869707
bio4,33,52,53.57719494370099
bio4,33,53,66.48771068623603
bio4,33,54,28.473970292630042
bio4,33,55,7.435212981913992
bio4,33,57,23.036612121242
bio4,33,60,5.042336034875007
bio4,37,42,256.65574421828694
bio4,37,43,43.57463808191994
bio4,37,45,208.22927458078595
bio4,37,46,130.89752511989604
bio4,37,48,556.7969053054619
bio4,37,49,174.20436128512404
bio4,37,52,168.45086361012795
bio4,37,53,181.361379352663
bio4,37,54,143.347638959057
bio4,37,55,107.43845568451297
bio4,37,57,91.83705654518496
bio4,37,60,119.91600470130197
bio4,42,43,213.081106136367
bio4,42,45,48.426469637500986
bio4,42,46,125.7582190983909
bio4,42,48,300.14116108717496
bio4,42,49,82.4513829331629
bio4,42,52,88.20488060815899
bio4,42,53,75.29436486562395
bio4,42,54,113.30810525922993
bio4,42,55,149.21728853377397
bio4,42,57,164.81868767310198
bio4,42,60,136.73973951698497
bio4,43,45,164.654636498866
bio4,43,46,87.3228870379761
bio4,43,48,513.222267223542
bio4,43,49,130.6297232032041
bio4,43,52,124.87622552820801
bio4,43,53,137.78674127074305
bio4,43,54,99.77300087713706
bio4,43,55,63.86381760259303
bio4,43,57,48.26241846326502
bio4,43,60,76.34136661938203
bio4,45,46,77.33174946088991
bio4,45,48,348.56763072467595
bio4,45,49,34.02491329566192
bio4,45,52,39.778410970658
bio4,45,53,26.86789522812296
bio4,45,54,64.88163562172895
bio4,45,55,100.79081889627298
bio4,45,57,116.39221803560099
bio4,45,60,88.31326987948398
bio4,46,48,425.89938018556586
bio4,46,49,43.30683616522799
bio4,46,52,37.55333849023191
bio4,46,53,50.46385423276695
bio4,46,54,12.450113839160963
bio4,46,55,23.45906943538307
bio4,46,57,39.06046857471108
bio4,46,60,10.981520418594073
bio4,48,49,382.59254402033787
bio4,48,52,388.34604169533395
bio4,48,53,375.4355259527989
bio4,48,54,413.4492663464049
bio4,48,55,449.35844962094893
bio4,48,57,464.95984876027694
bio4,48,60,436.88090060415993
bio4,49,52,5.753497674996083
bio4,49,53,7.1570180675389565
bio4,49,54,30.85672232606703
bio4,49,55,66.76590560061106
bio4,49,57,82.36730473993907
bio4,49,60,54.288356583822065
bio4,52,53,12.91051574253504
bio4,52,54,25.103224651070946
bio4,52,55,61.01240792561498
bio4,52,57,76.61380706494299
bio4,52,60,48.53485890882598
bio4,53,54,38.013740393605985
bio4,53,55,73.92292366815002
bio4,53,57,89.52432280747803
bio4,53,60,61.44537465136102
bio4,54,55,35.909183274544034
bio4,54,57,51.510582413872044
bio4,54,60,23.431634257755036
bio4,55,57,15.60139913932801
bio4,55,60,12.477549016788998
bio4,57,60,28.078948156117008
bio5,1,2,2.649577999999998
bio5,1,4,4.85078
bio5,1,5,4.405833999999999
bio5,1,6,0.4645310000000009
bio5,1,9,1.7724910000000023
bio5,1,10,7.508330999999998
bio5,1,11,3.6094890000000035
bio5,1,12,2.4623539999999977
bio5,1,13,7.399486000000003
bio5,1,23,0.535808000000003
bio5,1,24,5.009692999999999
bio5,1,25,0.712606000000001
bio5,1,26,7.2809370000000015
bio5,1,27,4.901233999999999
bio5,1,28,2.2689939999999993
bio5,1,32,0.5414929999999956
bio5,1,33,1.0205579999999976
bio5,1,37,8.912789999999998
bio5,1,42,0.9076829999999987
bio5,1,43,1.6743059999999979
bio5,1,45,5.039743999999999
bio5,1,46,0.0899959999999993
bio5,1,48,0.37184900000000454
bio5,1,49,0.9295240000000007
bio5,1,52,0.35497399999999857
bio5,1,53,0.7060659999999999
bio5,1,54,2.908569
bio5,1,55,0.2320670000000007
bio5,1,57,0.39231399999999894
bio5,1,60,8.697571000000003
bio5,2,4,2.201202000000002
bio5,2,5,1.7562560000000005
bio5,2,6,2.1850469999999973
bio5,2,9,0.877086999999996
bio5,2,10,4.858753
bio5,2,11,0.9599110000000053
bio5,2,12,0.1872240000000005
bio5,2,13,4.749908000000005
bio5,2,23,2.1137699999999953
bio5,2,24,7.659270999999997
bio5,2,25,3.362183999999999
bio5,2,26,4.631359000000003
bio5,2,27,7.550811999999997
bio5,2,28,0.3805839999999989
bio5,2,32,3.1910709999999938
bio5,2,33,3.670135999999996
bio5,2,37,11.562367999999996
bio5,2,42,3.557260999999997
bio5,2,43,4.323883999999996
bio5,2,45,2.3901660000000007
bio5,2,46,2.7395739999999975
bio5,2,48,2.2777289999999937
bio5,2,49,3.579101999999999
bio5,2,52,2.2946039999999996
bio5,2,53,1.9435119999999984
bio5,2,54,0.25899100000000175
bio5,2,55,2.4175109999999975
bio5,2,57,2.2572639999999993
bio5,2,60,6.047993000000005
bio5,4,5,0.4449460000000016
bio5,4,6,4.386248999999999
bio5,4,9,3.078288999999998
bio5,4,10,2.657550999999998
bio5,4,11,1.2412909999999968
bio5,4,12,2.3884260000000026
bio5,4,13,2.548706000000003
bio5,4,23,4.314971999999997
bio5,4,24,9.860472999999999
bio5,4,25,5.563386000000001
bio5,4,26,2.4301570000000012
bio5,4,27,9.752013999999999
bio5,4,28,2.581786000000001
bio5,4,32,5.392272999999996
bio5,4,33,5.871337999999998
bio5,4,37,13.763569999999998
bio5,4,42,5.758462999999999
bio5,4,43,6.525085999999998
bio5,4,45,0.18896399999999858
bio5,4,46,4.940776
bio5,4,48,4.478930999999996
bio5,4,49,5.780304000000001
bio5,4,52,4.495806000000002
bio5,4,53,4.1447140000000005
bio5,4,54,1.9422110000000004
bio5,4,55,4.618713
bio5,4,57,4.458466000000001
bio5,4,60,3.846791000000003
bio5,5,6,3.941302999999998
bio5,5,9,2.6333429999999964
bio5,5,10,3.1024969999999996
bio5,5,11,0.7963449999999952
bio5,5,12,1.943480000000001
bio5,5,13,2.9936520000000044
bio5,5,23,3.8700259999999957
bio5,5,24,9.415526999999997
bio5,5,25,5.11844
bio5,5,26,2.875103000000003
bio5,5,27,9.307067999999997
bio5,5,28,2.1368399999999994
bio5,5,32,4.947326999999994
bio5,5,33,5.426391999999996
bio5,5,37,13.318623999999996
bio5,5,42,5.313516999999997
bio5,5,43,6.0801399999999965
bio5,5,45,0.6339100000000002
bio5,5,46,4.495829999999998
bio5,5,48,4.033984999999994
bio5,5,49,5.335357999999999
bio5,5,52,4.05086
bio5,5,53,3.699767999999999
bio5,5,54,1.4972649999999987
bio5,5,55,4.173766999999998
bio5,5,57,4.01352
bio5,5,60,4.291737000000005
bio5,6,9,1.3079600000000013
bio5,6,10,7.043799999999997
bio5,6,11,3.1449580000000026
bio5,6,12,1.9978229999999968
bio5,6,13,6.934955000000002
bio5,6,23,0.07127700000000203
bio5,6,24,5.4742239999999995
bio5,6,25,1.1771370000000019
bio5,6,26,6.816406000000001
bio5,6,27,5.365765
bio5,6,28,1.8044629999999984
bio5,6,32,1.0060239999999965
bio5,6,33,1.4850889999999985
bio5,6,37,9.377320999999998
bio5,6,42,1.3722139999999996
bio5,6,43,2.1388369999999988
bio5,6,45,4.575212999999998
bio5,6,46,0.5545270000000002
bio5,6,48,0.09268199999999638
bio5,6,49,1.3940550000000016
bio5,6,52,0.10955700000000235
bio5,6,53,0.24153499999999894
bio5,6,54,2.444037999999999
bio5,6,55,0.23246400000000023
bio5,6,57,0.07221700000000197
bio5,6,60,8.233040000000003
bio5,9,10,5.735839999999996
bio5,9,11,1.8369980000000012
bio5,9,12,0.6898629999999955
bio5,9,13,5.626995000000001
bio5,9,23,1.2366829999999993
bio5,9,24,6.782184000000001
bio5,9,25,2.485097000000003
bio5,9,26,5.508445999999999
bio5,9,27,6.673725000000001
bio5,9,28,0.49650299999999703
bio5,9,32,2.313983999999998
bio5,9,33,2.793049
bio5,9,37,10.685281
bio5,9,42,2.680174000000001
bio5,9,43,3.446797
bio5,9,45,3.2672529999999966
bio5,9,46,1.8624870000000016
bio5,9,48,1.4006419999999977
bio5,9,49,2.702015000000003
bio5,9,52,1.4175170000000037
bio5,9,53,1.0664250000000024
bio5,9,54,1.1360779999999977
bio5,9,55,1.5404240000000016
bio5,9,57,1.3801770000000033
bio5,9,60,6.925080000000001
bio5,10,11,3.898841999999995
bio5,10,12,5.045977000000001
bio5,10,13,0.1088449999999952
bio5,10,23,6.972522999999995
bio5,10,24,12.518023999999997
bio5,10,25,8.220937
bio5,10,26,0.22739399999999677
bio5,10,27,12.409564999999997
bio5,10,28,5.239336999999999
bio5,10,32,8.049823999999994
bio5,10,33,8.528888999999996
bio5,10,37,16.421120999999996
bio5,10,42,8.416013999999997
bio5,10,43,9.182636999999996
bio5,10,45,2.4685869999999994
bio5,10,46,7.598326999999998
bio5,10,48,7.136481999999994
bio5,10,49,8.437854999999999
bio5,10,52,7.153357
bio5,10,53,6.8022649999999985
bio5,10,54,4.599761999999998
bio5,10,55,7.276263999999998
bio5,10,57,7.116016999999999
bio5,10,60,1.1892400000000052
bio5,11,12,1.1471350000000058
bio5,11,13,3.7899969999999996
bio5,11,23,3.0736810000000006
bio5,11,24,8.619182000000002
bio5,11,25,4.3220950000000045
bio5,11,26,3.671447999999998
bio5,11,27,8.510723000000002
bio5,11,28,1.3404950000000042
bio5,11,32,4.150981999999999
bio5,11,33,4.630047000000001
bio5,11,37,12.522279000000001
bio5,11,42,4.517172000000002
bio5,11,43,5.283795000000001
bio5,11,45,1.4302549999999954
bio5,11,46,3.699485000000003
bio5,11,48,3.237639999999999
bio5,11,49,4.539013000000004
bio5,11,52,3.254515000000005
bio5,11,53,2.9034230000000036
bio5,11,54,0.7009200000000035
bio5,11,55,3.377422000000003
bio5,11,57,3.2171750000000046
bio5,11,60,5.088082
bio5,12,13,4.937132000000005
bio5,12,23,1.9265459999999948
bio5,12,24,7.472046999999996
bio5,12,25,3.1749599999999987
bio5,12,26,4.818583000000004
bio5,12,27,7.3635879999999965
bio5,12,28,0.19335999999999842
bio5,12,32,3.0038469999999933
bio5,12,33,3.4829119999999953
bio5,12,37,11.375143999999995
bio5,12,42,3.3700369999999964
bio5,12,43,4.136659999999996
bio5,12,45,2.577390000000001
bio5,12,46,2.552349999999997
bio5,12,48,2.090504999999993
bio5,12,49,3.3918779999999984
bio5,12,52,2.107379999999999
bio5,12,53,1.7562879999999979
bio5,12,54,0.44621500000000225
bio5,12,55,2.230286999999997
bio5,12,57,2.0700399999999988
bio5,12,60,6.235217000000006
bio5,13,23,6.863678
bio5,13,24,12.409179000000002
bio5,13,25,8.112092000000004
bio5,13,26,0.11854900000000157
bio5,13,27,12.300720000000002
bio5,13,28,5.130492000000004
bio5,13,32,7.940978999999999
bio5,13,33,8.420044
bio5,13,37,16.312276
bio5,13,42,8.307169000000002
bio5,13,43,9.073792000000001
bio5,13,45,2.3597420000000042
bio5,13,46,7.489482000000002
bio5,13,48,7.027636999999999
bio5,13,49,8.329010000000004
bio5,13,52,7.0445120000000045
bio5,13,53,6.693420000000003
bio5,13,54,4.490917000000003
bio5,13,55,7.167419000000002
bio5,13,57,7.007172000000004
bio5,13,60,1.2980850000000004
bio5,23,24,5.545501000000002
bio5,23,25,1.248414000000004
bio5,23,26,6.745128999999999
bio5,23,27,5.437042000000002
bio5,23,28,1.7331859999999963
bio5,23,32,1.0773009999999985
bio5,23,33,1.5563660000000006
bio5,23,37,9.448598
bio5,23,42,1.4434910000000016
bio5,23,43,2.210114000000001
bio5,23,45,4.503935999999996
bio5,23,46,0.6258040000000022
bio5,23,48,0.1639589999999984
bio5,23,49,1.4653320000000036
bio5,23,52,0.18083400000000438
bio5,23,53,0.1702579999999969
bio5,23,54,2.372760999999997
bio5,23,55,0.30374100000000226
bio5,23,57,0.143494000000004
bio5,23,60,8.161763
bio5,24,25,4.297086999999998
bio5,24,26,12.29063
bio5,24,27,0.10845899999999986
bio5,24,28,7.278686999999998
bio5,24,32,4.468200000000003
bio5,24,33,3.989135000000001
bio5,24,37,3.903096999999999
bio5,24,42,4.10201
bio5,24,43,3.3353870000000008
bio5,24,45,10.049436999999998
bio5,24,46,4.919696999999999
bio5,24,48,5.381542000000003
bio5,24,49,4.080168999999998
bio5,24,52,5.364666999999997
bio5,24,53,5.7157589999999985
bio5,24,54,7.918261999999999
bio5,24,55,5.241759999999999
bio5,24,57,5.402006999999998
bio5,24,60,13.707264000000002
bio5,25,26,7.9935430000000025
bio5,25,27,4.188627999999998
bio5,25,28,2.9816000000000003
bio5,25,32,0.1711130000000054
bio5,25,33,0.3079519999999967
bio5,25,37,8.200183999999997
bio5,25,42,0.19507699999999772
bio5,25,43,0.9616999999999969
bio5,25,45,5.75235
bio5,25,46,0.6226100000000017
bio5,25,48,1.0844550000000055
bio5,25,49,0.21691799999999972
bio5,25,52,1.0675799999999995
bio5,25,53,1.4186720000000008
bio5,25,54,3.621175000000001
bio5,25,55,0.9446730000000017
bio5,25,57,1.10492
bio5,25,60,9.410177000000004
bio5,26,27,12.182171
bio5,26,28,5.011943000000002
bio5,26,32,7.822429999999997
bio5,26,33,8.301495
bio5,26,37,16.193727
bio5,26,42,8.18862
bio5,26,43,8.955243
bio5,26,45,2.2411930000000027
bio5,26,46,7.370933000000001
bio5,26,48,6.909087999999997
bio5,26,49,8.210461000000002
bio5,26,52,6.925963000000003
bio5,26,53,6.574871000000002
bio5,26,54,4.372368000000002
bio5,26,55,7.048870000000001
bio5,26,57,6.888623000000003
bio5,26,60,1.416634000000002
bio5,27,28,7.170227999999998
bio5,27,32,4.359741000000003
bio5,27,33,3.880676000000001
bio5,27,37,4.011555999999999
bio5,27,42,3.993551
bio5,27,43,3.226928000000001
bio5,27,45,9.940977999999998
bio5,27,46,4.8112379999999995
bio5,27,48,5.273083000000003
bio5,27,49,3.971709999999998
bio5,27,52,5.256207999999997
bio5,27,53,5.607299999999999
bio5,27,54,7.809802999999999
bio5,27,55,5.1333009999999994
bio5,27,57,5.293547999999998
bio5,27,60,13.598805000000002
bio5,28,32,2.810486999999995
bio5,28,33,3.289551999999997
bio5,28,37,11.181783999999997
bio5,28,42,3.176676999999998
bio5,28,43,3.943299999999997
bio5,28,45,2.7707499999999996
bio5,28,46,2.3589899999999986
bio5,28,48,1.8971449999999948
bio5,28,49,3.198518
bio5,28,52,1.9140200000000007
bio5,28,53,1.5629279999999994
bio5,28,54,0.6395750000000007
bio5,28,55,2.0369269999999986
bio5,28,57,1.8766800000000003
bio5,28,60,6.428577000000004
bio5,32,33,0.4790650000000021
bio5,32,37,8.371297000000002
bio5,32,42,0.3661900000000031
bio5,32,43,1.1328130000000023
bio5,32,45,5.5812369999999945
bio5,32,46,0.45149699999999626
bio5,32,48,0.9133420000000001
bio5,32,49,0.3880310000000051
bio5,32,52,0.8964669999999941
bio5,32,53,1.2475589999999954
bio5,32,54,3.4500619999999955
bio5,32,55,0.7735599999999963
bio5,32,57,0.9338069999999945
bio5,32,60,9.239063999999999
bio5,33,37,7.892232
bio5,33,42,0.11287499999999895
bio5,33,43,0.6537480000000002
bio5,33,45,6.0603019999999965
bio5,33,46,0.9305619999999983
bio5,33,48,1.3924070000000022
bio5,33,49,0.09103399999999695
bio5,33,52,1.3755319999999962
bio5,33,53,1.7266239999999975
bio5,33,54,3.9291269999999976
bio5,33,55,1.2526249999999983
bio5,33,57,1.4128719999999966
bio5,33,60,9.718129000000001
bio5,37,42,8.005106999999999
bio5,37,43,7.238484
bio5,37,45,13.952533999999996
bio5,37,46,8.822793999999998
bio5,37,48,9.284639000000002
bio5,37,49,7.983265999999997
bio5,37,52,9.267763999999996
bio5,37,53,9.618855999999997
bio5,37,54,11.821358999999998
bio5,37,55,9.144856999999998
bio5,37,57,9.305103999999996
bio5,37,60,17.610361
bio5,42,43,0.7666229999999992
bio5,42,45,5.947426999999998
bio5,42,46,0.8176869999999994
bio5,42,48,1.2795320000000032
bio5,42,49,0.021841000000001998
bio5,42,52,1.2626569999999973
bio5,42,53,1.6137489999999985
bio5,42,54,3.8162519999999986
bio5,42,55,1.1397499999999994
bio5,42,57,1.2999969999999976
bio5,42,60,9.605254000000002
bio5,43,45,6.714049999999997
bio5,43,46,1.5843099999999986
bio5,43,48,2.0461550000000024
bio5,43,49,0.7447819999999972
bio5,43,52,2.0292799999999964
bio5,43,53,2.3803719999999977
bio5,43,54,4.582874999999998
bio5,43,55,1.9063729999999985
bio5,43,57,2.066619999999997
bio5,43,60,10.371877000000001
bio5,45,46,5.129739999999998
bio5,45,48,4.667894999999994
bio5,45,49,5.969268
bio5,45,52,4.68477
bio5,45,53,4.333677999999999
bio5,45,54,2.131174999999999
bio5,45,55,4.807676999999998
bio5,45,57,4.64743
bio5,45,60,3.6578270000000046
bio5,46,48,0.46184500000000384
bio5,46,49,0.8395280000000014
bio5,46,52,0.44496999999999787
bio5,46,53,0.7960619999999992
bio5,46,54,2.9985649999999993
bio5,46,55,0.322063
bio5,46,57,0.48230999999999824
bio5,46,60,8.787567000000003
bio5,48,49,1.3013730000000052
bio5,48,52,0.01687500000000597
bio5,48,53,0.3342169999999953
bio5,48,54,2.5367199999999954
bio5,48,55,0.13978200000000385
bio5,48,57,0.020464999999994404
bio5,48,60,8.325721999999999
bio5,49,52,1.2844979999999993
bio5,49,53,1.6355900000000005
bio5,49,54,3.8380930000000006
bio5,49,55,1.1615910000000014
bio5,49,57,1.3218379999999996
bio5,49,60,9.627095000000004
bio5,52,53,0.3510920000000013
bio5,52,54,2.5535950000000014
bio5,52,55,0.12290699999999788
bio5,52,57,0.03734000000000037
bio5,52,60,8.342597000000005
bio5,53,54,2.202503
bio5,53,55,0.47399899999999917
bio5,53,57,0.3137520000000009
bio5,53,60,7.991505000000004
bio5,54,55,2.6765019999999993
bio5,54,57,2.516255000000001
bio5,54,60,5.7890020000000035
bio5,55,57,0.16024699999999825
bio5,55,60,8.465504000000003
bio5,57,60,8.305257000000005
bio6,1,2,11.4055984
bio6,1,4,13.373239600000002
bio6,1,5,8.200622000000001
bio6,1,6,10.382578
bio6,1,9,3.9486539999999994
bio6,1,10,10.473479600000001
bio6,1,11,5.942189000000001
bio6,1,12,3.2748869999999997
bio6,1,13,10.2302037
bio6,1,23,18.112636000000002
bio6,1,24,6.520345000000001
bio6,1,25,0.7181290000000011
bio6,1,26,15.3958023
bio6,1,27,2.4489349999999988
bio6,1,28,4.321827700000001
bio6,1,32,17.710215
bio6,1,33,7.297790000000001
bio6,1,37,5.986297
bio6,1,42,3.3794250000000012
bio6,1,43,15.70935
bio6,1,45,8.6163833
bio6,1,46,5.356984000000001
bio6,1,48,12.435526999999999
bio6,1,49,5.5136206
bio6,1,52,5.478495000000001
bio6,1,53,5.959065000000001
bio6,1,54,7.545308
bio6,1,55,5.645253
bio6,1,57,8.255370600000001
bio6,1,60,12.737009200000001
bio6,2,4,1.9676412
bio6,2,5,3.2049764
bio6,2,6,1.0230203999999998
bio6,2,9,15.3542524
bio6,2,10,0.9321188000000001
bio6,2,11,17.3477874
bio6,2,12,14.6804854
bio6,2,13,1.1753947
bio6,2,23,29.5182344
bio6,2,24,17.9259434
bio6,2,25,10.6874694
bio6,2,26,3.9902039
bio6,2,27,13.8545334
bio6,2,28,7.0837707
bio6,2,32,6.3046166
bio6,2,33,4.1078084
bio6,2,37,5.4193014
bio6,2,42,8.0261734
bio6,2,43,4.3037516
bio6,2,45,2.7892151
bio6,2,46,6.0486144
bio6,2,48,23.8411254
bio6,2,49,5.8919778
bio6,2,52,5.9271034
bio6,2,53,5.4465334
bio6,2,54,3.8602904000000002
bio6,2,55,5.7603454
bio6,2,57,3.1502278
bio6,2,60,1.3314108
bio6,4,5,5.172617600000001
bio6,4,6,2.9906616
bio6,4,9,17.3218936
bio6,4,10,2.89976
bio6,4,11,19.3154286
bio6,4,12,16.6481266
bio6,4,13,3.1430359
bio6,4,23,31.4858756
bio6,4,24,19.8935846
bio6,4,25,12.6551106
bio6,4,26,2.0225627
bio6,4,27,15.8221746
bio6,4,28,9.0514119
bio6,4,32,4.3369754
bio6,4,33,6.0754496
bio6,4,37,7.3869426
bio6,4,42,9.9938146
bio6,4,43,2.3361104
bio6,4,45,4.7568563
bio6,4,46,8.016255600000001
bio6,4,48,25.8087666
bio6,4,49,7.859619
bio6,4,52,7.8947446
bio6,4,53,7.4141746
bio6,4,54,5.8279316
bio6,4,55,7.7279866
bio6,4,57,5.117869000000001
bio6,4,60,0.6362304000000001
bio6,5,6,2.1819560000000005
bio6,5,9,12.149276
bio6,5,10,2.2728576
bio6,5,11,14.142811000000002
bio6,5,12,11.475509
bio6,5,13,2.0295817
bio6,5,23,26.313258
bio6,5,24,14.720967000000002
bio6,5,25,7.482493
bio6,5,26,7.1951803000000005
bio6,5,27,10.649557
bio6,5,28,3.8787942999999996
bio6,5,32,9.509593
bio6,5,33,0.9028319999999996
bio6,5,37,2.214325
bio6,5,42,4.821197
bio6,5,43,7.508728
bio6,5,45,0.4157613000000002
bio6,5,46,2.843638
bio6,5,48,20.636149
bio6,5,49,2.6870014
bio6,5,52,2.722127
bio6,5,53,2.241557
bio6,5,54,0.6553140000000002
bio6,5,55,2.5553690000000002
bio6,5,57,0.054748599999999925
bio6,5,60,4.5363872
bio6,6,9,14.331232
bio6,6,10,0.0909015999999998
bio6,6,11,16.324767
bio6,6,12,13.657465
bio6,6,13,0.15237430000000018
bio6,6,23,28.495214
bio6,6,24,16.902923
bio6,6,25,9.664449
bio6,6,26,5.0132243
bio6,6,27,12.831513
bio6,6,28,6.0607503
bio6,6,32,7.327637
bio6,6,33,3.0847879999999996
bio6,6,37,4.396281
bio6,6,42,7.003152999999999
bio6,6,43,5.326772
bio6,6,45,1.7661947
bio6,6,46,5.025594
bio6,6,48,22.818105
bio6,6,49,4.8689574
bio6,6,52,4.904083
bio6,6,53,4.423513
bio6,6,54,2.83727
bio6,6,55,4.737325
bio6,6,57,2.1272074000000005
bio6,6,60,2.3544311999999996
bio6,9,10,14.4221336
bio6,9,11,1.9935350000000014
bio6,9,12,0.6737669999999998
bio6,9,13,14.1788577
bio6,9,23,14.163982
bio6,9,24,2.5716910000000013
bio6,9,25,4.666783000000001
bio6,9,26,19.3444563
bio6,9,27,1.4997190000000007
bio6,9,28,8.270481700000001
bio6,9,32,21.658869
bio6,9,33,11.246444
bio6,9,37,9.934951
bio6,9,42,7.328079000000001
bio6,9,43,19.658004
bio6,9,45,12.5650373
bio6,9,46,9.305638
bio6,9,48,8.486873
bio6,9,49,9.4622746
bio6,9,52,9.427149
bio6,9,53,9.907719
bio6,9,54,11.493962
bio6,9,55,9.593907
bio6,9,57,12.2040246
bio6,9,60,16.6856632
bio6,10,11,16.4156686
bio6,10,12,13.7483666
bio6,10,13,0.2432759
bio6,10,23,28.5861156
bio6,10,24,16.9938246
bio6,10,25,9.7553506
bio6,10,26,4.9223227000000005
bio6,10,27,12.9224146
bio6,10,28,6.151651899999999
bio6,10,32,7.236735400000001
bio6,10,33,3.1756895999999997
bio6,10,37,4.487182600000001
bio6,10,42,7.0940546
bio6,10,43,5.2358704
bio6,10,45,1.8570962999999998
bio6,10,46,5.1164956
bio6,10,48,22.909006599999998
bio6,10,49,4.959859
bio6,10,52,4.9949846
bio6,10,53,4.5144146
bio6,10,54,2.9281716
bio6,10,55,4.828226600000001
bio6,10,57,2.218109
bio6,10,60,2.2635296
bio6,11,12,2.667302000000001
bio6,11,13,16.172392700000003
bio6,11,23,12.170447
bio6,11,24,0.5781559999999999
bio6,11,25,6.660318000000002
bio6,11,26,21.337991300000002
bio6,11,27,3.493254000000002
bio6,11,28,10.264016700000003
bio6,11,32,23.652404
bio6,11,33,13.239979000000002
bio6,11,37,11.928486000000001
bio6,11,42,9.321614000000002
bio6,11,43,21.651539
bio6,11,45,14.558572300000002
bio6,11,46,11.299173000000001
bio6,11,48,6.493337999999998
bio6,11,49,11.455809600000002
bio6,11,52,11.420684000000001
bio6,11,53,11.901254000000002
bio6,11,54,13.487497000000001
bio6,11,55,11.587442000000001
bio6,11,57,14.197559600000002
bio6,11,60,18.679198200000002
bio6,12,13,13.5050907
bio6,12,23,14.837749
bio6,12,24,3.245458000000001
bio6,12,25,3.993016000000001
bio6,12,26,18.6706893
bio6,12,27,0.8259520000000009
bio6,12,28,7.596714700000001
bio6,12,32,20.985102
bio6,12,33,10.572677
bio6,12,37,9.261184
bio6,12,42,6.654312000000001
bio6,12,43,18.984237
bio6,12,45,11.8912703
bio6,12,46,8.631871
bio6,12,48,9.160639999999999
bio6,12,49,8.788507599999999
bio6,12,52,8.753382
bio6,12,53,9.233952
bio6,12,54,10.820195
bio6,12,55,8.92014
bio6,12,57,11.5302576
bio6,12,60,16.0118962
bio6,13,23,28.3428397
bio6,13,24,16.750548700000003
bio6,13,25,9.5120747
bio6,13,26,5.1655986
bio6,13,27,12.6791387
bio6,13,28,5.908376
bio6,13,32,7.4800113
bio6,13,33,2.9324136999999997
bio6,13,37,4.2439067
bio6,13,42,6.850778699999999
bio6,13,43,5.4791463
bio6,13,45,1.6138203999999998
bio6,13,46,4.8732197
bio6,13,48,22.665730699999997
bio6,13,49,4.7165831
bio6,13,52,4.7517087
bio6,13,53,4.2711387
bio6,13,54,2.6848957
bio6,13,55,4.5849507
bio6,13,57,1.9748331000000001
bio6,13,60,2.5068055
bio6,23,24,11.592291
bio6,23,25,18.830765
bio6,23,26,33.5084383
bio6,23,27,15.663701000000001
bio6,23,28,22.434463700000002
bio6,23,32,35.822851
bio6,23,33,25.410426
bio6,23,37,24.098933000000002
bio6,23,42,21.492061
bio6,23,43,33.821986
bio6,23,45,26.7290193
bio6,23,46,23.46962
bio6,23,48,5.6771090000000015
bio6,23,49,23.6262566
bio6,23,52,23.591131
bio6,23,53,24.071701
bio6,23,54,25.657944
bio6,23,55,23.757889
bio6,23,57,26.3680066
bio6,23,60,30.8496452
bio6,24,25,7.238474000000002
bio6,24,26,21.916147300000002
bio6,24,27,4.071410000000002
bio6,24,28,10.842172700000003
bio6,24,32,24.23056
bio6,24,33,13.818135000000002
bio6,24,37,12.506642000000001
bio6,24,42,9.899770000000002
bio6,24,43,22.229695
bio6,24,45,15.136728300000001
bio6,24,46,11.877329000000001
bio6,24,48,5.915181999999998
bio6,24,49,12.033965600000002
bio6,24,52,11.998840000000001
bio6,24,53,12.479410000000001
bio6,24,54,14.065653000000001
bio6,24,55,12.165598000000001
bio6,24,57,14.775715600000002
bio6,24,60,19.2573542
bio6,25,26,14.677673299999999
bio6,25,27,3.167064
bio6,25,28,3.6036987
bio6,25,32,16.992086
bio6,25,33,6.579661
bio6,25,37,5.268167999999999
bio6,25,42,2.661296
bio6,25,43,14.991221
bio6,25,45,7.8982543
bio6,25,46,4.6388549999999995
bio6,25,48,13.153656
bio6,25,49,4.795491599999999
bio6,25,52,4.760365999999999
bio6,25,53,5.240936
bio6,25,54,6.827178999999999
bio6,25,55,4.927123999999999
bio6,25,57,7.5372416
bio6,25,60,12.0188802
bio6,26,27,17.8447373
bio6,26,28,11.0739746
bio6,26,32,2.3144127
bio6,26,33,8.0980123
bio6,26,37,9.4095053
bio6,26,42,12.016377299999998
bio6,26,43,0.3135477
bio6,26,45,6.779419
bio6,26,46,10.038818299999999
bio6,26,48,27.8313293
bio6,26,49,9.8821817
bio6,26,52,9.917307300000001
bio6,26,53,9.4367373
bio6,26,54,7.8504943
bio6,26,55,9.7505493
bio6,26,57,7.140431700000001
bio6,26,60,2.6587931
bio6,27,28,6.7707627
bio6,27,32,20.15915
bio6,27,33,9.746725
bio6,27,37,8.435232
bio6,27,42,5.82836
bio6,27,43,18.158285
bio6,27,45,11.0653183
bio6,27,46,7.805918999999999
bio6,27,48,9.986592
bio6,27,49,7.962555599999999
bio6,27,52,7.927429999999999
bio6,27,53,8.408
bio6,27,54,9.994242999999999
bio6,27,55,8.094187999999999
bio6,27,57,10.7043056
bio6,27,60,15.1859442
bio6,28,32,13.3883873
bio6,28,33,2.9759623
bio6,28,37,1.6644692999999995
bio6,28,42,0.9424026999999997
bio6,28,43,11.3875223
bio6,28,45,4.2945556
bio6,28,46,1.0351562999999997
bio6,28,48,16.7573547
bio6,28,49,1.1917928999999994
bio6,28,52,1.1566672999999996
bio6,28,53,1.6372372999999998
bio6,28,54,3.2234802999999994
bio6,28,55,1.3234252999999994
bio6,28,57,3.9335428999999995
bio6,28,60,8.4151815
bio6,32,33,10.412424999999999
bio6,32,37,11.723918000000001
bio6,32,42,14.33079
bio6,32,43,2.000865
bio6,32,45,9.093831699999999
bio6,32,46,12.353231000000001
bio6,32,48,30.145742
bio6,32,49,12.1965944
bio6,32,52,12.23172
bio6,32,53,11.751149999999999
bio6,32,54,10.164907
bio6,32,55,12.064962000000001
bio6,32,57,9.4548444
bio6,32,60,4.973205800000001
bio6,33,37,1.3114930000000005
bio6,33,42,3.9183649999999997
bio6,33,43,8.41156
bio6,33,45,1.3185932999999999
bio6,33,46,1.9408060000000003
bio6,33,48,19.733317
bio6,33,49,1.7841694000000006
bio6,33,52,1.8192950000000003
bio6,33,53,1.3387250000000002
bio6,33,54,0.24751799999999946
bio6,33,55,1.6525370000000006
bio6,33,57,0.9575805999999996
bio6,33,60,5.4392192
bio6,37,42,2.606871999999999
bio6,37,43,9.723053
bio6,37,45,2.6300863000000003
bio6,37,46,0.6293129999999998
bio6,37,48,18.421824
bio6,37,49,0.4726764000000001
bio6,37,52,0.5078019999999999
bio6,37,53,0.0272319999999997
bio6,37,54,1.559011
bio6,37,55,0.3410440000000001
bio6,37,57,2.2690736
bio6,37,60,6.750712200000001
bio6,42,43,12.329925
bio6,42,45,5.2369582999999995
bio6,42,46,1.9775589999999994
bio6,42,48,15.814952
bio6,42,49,2.134195599999999
bio6,42,52,2.0990699999999993
bio6,42,53,2.5796399999999995
bio6,42,54,4.165882999999999
bio6,42,55,2.265827999999999
bio6,42,57,4.8759456
bio6,42,60,9.3575842
bio6,43,45,7.0929667
bio6,43,46,10.352366
bio6,43,48,28.144877
bio6,43,49,10.195729400000001
bio6,43,52,10.230855
bio6,43,53,9.750285
bio6,43,54,8.164042
bio6,43,55,10.064097
bio6,43,57,7.4539794
bio6,43,60,2.9723408
bio6,45,46,3.2593993
bio6,45,48,21.0519103
bio6,45,49,3.1027627000000004
bio6,45,52,3.1378883
bio6,45,53,2.6573183
bio6,45,54,1.0710753000000004
bio6,45,55,2.9711303000000004
bio6,45,57,0.3610127000000003
bio6,45,60,4.1206259
bio6,46,48,17.792510999999998
bio6,46,49,0.15663659999999968
bio6,46,52,0.12151099999999992
bio6,46,53,0.6020810000000001
bio6,46,54,2.1883239999999997
bio6,46,55,0.28826899999999966
bio6,46,57,2.8983866
bio6,46,60,7.3800252
bio6,48,49,17.9491476
bio6,48,52,17.914022
bio6,48,53,18.394592
bio6,48,54,19.980835
bio6,48,55,18.080779999999997
bio6,48,57,20.6908976
bio6,48,60,25.1725362
bio6,49,52,0.03512559999999976
bio6,49,53,0.4454444000000004
bio6,49,54,2.0316874
bio6,49,55,0.13163239999999998
bio6,49,57,2.74175
bio6,49,60,7.2233886
bio6,52,53,0.48057000000000016
bio6,52,54,2.066813
bio6,52,55,0.16675799999999974
bio6,52,57,2.7768756
bio6,52,60,7.2585142000000005
bio6,53,54,1.5862429999999996
bio6,53,55,0.3138120000000004
bio6,53,57,2.2963055999999997
bio6,53,60,6.7779442
bio6,54,55,1.900055
bio6,54,57,0.7100626000000001
bio6,54,60,5.191701200000001
bio6,55,57,2.6101176
bio6,55,60,7.091756200000001
bio6,57,60,4.4816386
bio7,1,2,8.756020399999997
bio7,1,4,8.522459599999998
bio7,1,5,3.794787999999997
bio7,1,6,9.918047000000001
bio7,1,9,5.721145
bio7,1,10,2.965148599999999
bio7,1,11,9.551678000000003
bio7,1,12,5.7372410000000045
bio7,1,13,2.830717700000001
bio7,1,23,18.648444000000005
bio7,1,24,1.5106520000000003
bio7,1,25,1.4307349999999985
bio7,1,26,8.114865299999998
bio7,1,27,2.4522989999999965
bio7,1,28,2.0528337000000008
bio7,1,32,18.251707999999997
bio7,1,33,8.318348
bio7,1,37,14.899086999999998
bio7,1,42,4.287107999999996
bio7,1,43,17.383656
bio7,1,45,3.5766392999999965
bio7,1,46,5.446979999999996
bio7,1,48,12.807376000000005
bio7,1,49,6.443144599999997
bio7,1,52,5.123520999999997
bio7,1,53,5.2529989999999955
bio7,1,54,4.636738999999999
bio7,1,55,5.413185999999996
bio7,1,57,7.8630566
bio7,1,60,4.039438199999999
bio7,2,4,0.23356079999999935
bio7,2,5,4.9612324
bio7,2,6,1.1620266000000044
bio7,2,9,14.477165399999997
bio7,2,10,5.790871799999998
bio7,2,11,18.3076984
bio7,2,12,14.493261400000002
bio7,2,13,5.925302699999996
bio7,2,23,27.404464400000002
bio7,2,24,10.266672399999997
bio7,2,25,7.3252853999999985
bio7,2,26,0.6411550999999989
bio7,2,27,6.303721400000001
bio7,2,28,6.703186699999996
bio7,2,32,9.4956876
bio7,2,33,0.43767239999999674
bio7,2,37,6.143066600000001
bio7,2,42,4.468912400000001
bio7,2,43,8.627635600000001
bio7,2,45,5.1793811000000005
bio7,2,46,3.3090404000000007
bio7,2,48,21.563396400000002
bio7,2,49,2.3128758000000005
bio7,2,52,3.6324994000000004
bio7,2,53,3.5030214000000015
bio7,2,54,4.119281399999998
bio7,2,55,3.342834400000001
bio7,2,57,0.8929637999999969
bio7,2,60,4.716582199999998
bio7,4,5,4.727671600000001
bio7,4,6,1.3955874000000037
bio7,4,9,14.243604599999998
bio7,4,10,5.557310999999999
bio7,4,11,18.0741376
bio7,4,12,14.259700600000002
bio7,4,13,5.691741899999997
bio7,4,23,27.170903600000003
bio7,4,24,10.033111599999998
bio7,4,25,7.091724599999999
bio7,4,26,0.4075942999999995
bio7,4,27,6.070160600000001
bio7,4,28,6.469625899999997
bio7,4,32,9.7292484
bio7,4,33,0.2041115999999974
bio7,4,37,6.3766274
bio7,4,42,4.235351600000001
bio7,4,43,8.8611964
bio7,4,45,4.945820300000001
bio7,4,46,3.0754796000000013
bio7,4,48,21.329835600000003
bio7,4,49,2.079315000000001
bio7,4,52,3.398938600000001
bio7,4,53,3.269460600000002
bio7,4,54,3.885720599999999
bio7,4,55,3.1092736000000016
bio7,4,57,0.6594029999999975
bio7,4,60,4.483021399999998
bio7,5,6,6.1232590000000044
bio7,5,9,9.515932999999997
bio7,5,10,0.8296393999999978
bio7,5,11,13.346466
bio7,5,12,9.532029000000001
bio7,5,13,0.9640702999999959
bio7,5,23,22.443232000000002
bio7,5,24,5.305439999999997
bio7,5,25,2.3640529999999984
bio7,5,26,4.320077300000001
bio7,5,27,1.3424890000000005
bio7,5,28,1.7419542999999962
bio7,5,32,14.45692
bio7,5,33,4.523560000000003
bio7,5,37,11.104299000000001
bio7,5,42,0.4923199999999994
bio7,5,43,13.588868000000002
bio7,5,45,0.21814870000000042
bio7,5,46,1.6521919999999994
bio7,5,48,16.602164000000002
bio7,5,49,2.6483565999999996
bio7,5,52,1.3287329999999997
bio7,5,53,1.4582109999999986
bio7,5,54,0.8419510000000017
bio7,5,55,1.6183979999999991
bio7,5,57,4.068268600000003
bio7,5,60,0.24465020000000237
bio7,6,9,15.639192000000001
bio7,6,10,6.952898400000002
bio7,6,11,19.469725000000004
bio7,6,12,15.655288000000006
bio7,6,13,7.0873293
bio7,6,23,28.566491000000006
bio7,6,24,11.428699000000002
bio7,6,25,8.487312000000003
bio7,6,26,1.8031817000000032
bio7,6,27,7.465748000000005
bio7,6,28,7.865213300000001
bio7,6,32,8.333660999999996
bio7,6,33,1.599699000000001
bio7,6,37,4.981039999999997
bio7,6,42,5.630939000000005
bio7,6,43,7.465608999999997
bio7,6,45,6.341407700000005
bio7,6,46,4.471067000000005
bio7,6,48,22.725423000000006
bio7,6,49,3.474902400000005
bio7,6,52,4.794526000000005
bio7,6,53,4.665048000000006
bio7,6,54,5.281308000000003
bio7,6,55,4.504861000000005
bio7,6,57,2.054990400000001
bio7,6,60,5.878608800000002
bio7,9,10,8.686293599999999
bio7,9,11,3.8305330000000026
bio7,9,12,0.01609600000000455
bio7,9,13,8.551862700000001
bio7,9,23,12.927299000000005
bio7,9,24,4.210493
bio7,9,25,7.1518799999999985
bio7,9,26,13.836010299999998
bio7,9,27,8.173443999999996
bio7,9,28,7.773978700000001
bio7,9,32,23.972852999999997
bio7,9,33,14.039493
bio7,9,37,20.620231999999998
bio7,9,42,10.008252999999996
bio7,9,43,23.104801
bio7,9,45,9.297784299999996
bio7,9,46,11.168124999999996
bio7,9,48,7.086231000000005
bio7,9,49,12.164289599999996
bio7,9,52,10.844665999999997
bio7,9,53,10.974143999999995
bio7,9,54,10.357883999999999
bio7,9,55,11.134330999999996
bio7,9,57,13.5842016
bio7,9,60,9.7605832
bio7,10,11,12.516826600000002
bio7,10,12,8.702389600000004
bio7,10,13,0.13443089999999813
bio7,10,23,21.613592600000004
bio7,10,24,4.4758005999999995
bio7,10,25,1.5344136000000006
bio7,10,26,5.149716699999999
bio7,10,27,0.5128496000000027
bio7,10,28,0.9123148999999984
bio7,10,32,15.286559399999998
bio7,10,33,5.353199400000001
bio7,10,37,11.933938399999999
bio7,10,42,1.3219593999999972
bio7,10,43,14.4185074
bio7,10,45,0.6114906999999974
bio7,10,46,2.4818313999999972
bio7,10,48,15.772524600000004
bio7,10,49,3.4779959999999974
bio7,10,52,2.1583723999999975
bio7,10,53,2.2878503999999964
bio7,10,54,1.6715903999999995
bio7,10,55,2.448037399999997
bio7,10,57,4.897908000000001
bio7,10,60,1.0742896000000002
bio7,11,12,3.814436999999998
bio7,11,13,12.382395700000004
bio7,11,23,9.096766000000002
bio7,11,24,8.041026000000002
bio7,11,25,10.982413000000001
bio7,11,26,17.6665433
bio7,11,27,12.003976999999999
bio7,11,28,11.604511700000003
bio7,11,32,27.803386
bio7,11,33,17.870026000000003
bio7,11,37,24.450765
bio7,11,42,13.838785999999999
bio7,11,43,26.935334
bio7,11,45,13.128317299999999
bio7,11,46,14.998657999999999
bio7,11,48,3.2556980000000024
bio7,11,49,15.9948226
bio7,11,52,14.675199
bio7,11,53,14.804676999999998
bio7,11,54,14.188417000000001
bio7,11,55,14.964863999999999
bio7,11,57,17.414734600000003
bio7,11,60,13.591116200000002
bio7,12,13,8.567958700000005
bio7,12,23,12.911203
bio7,12,24,4.226589000000004
bio7,12,25,7.167976000000003
bio7,12,26,13.852106300000003
bio7,12,27,8.189540000000001
bio7,12,28,7.790074700000005
bio7,12,32,23.988949
bio7,12,33,14.055589000000005
bio7,12,37,20.636328000000002
bio7,12,42,10.024349
bio7,12,43,23.120897000000003
bio7,12,45,9.313880300000001
bio7,12,46,11.184221
bio7,12,48,7.0701350000000005
bio7,12,49,12.180385600000001
bio7,12,52,10.860762000000001
bio7,12,53,10.99024
bio7,12,54,10.373980000000003
bio7,12,55,11.150427
bio7,12,57,13.600297600000005
bio7,12,60,9.776679200000004
bio7,13,23,21.479161700000006
bio7,13,24,4.341369700000001
bio7,13,25,1.3999827000000025
bio7,13,26,5.284147599999997
bio7,13,27,0.37841870000000455
bio7,13,28,0.7778840000000002
bio7,13,32,15.420990299999996
bio7,13,33,5.487630299999999
bio7,13,37,12.068369299999997
bio7,13,42,1.4563902999999954
bio7,13,43,14.552938299999997
bio7,13,45,0.7459215999999955
bio7,13,46,2.6162622999999954
bio7,13,48,15.638093700000006
bio7,13,49,3.6124268999999956
bio7,13,52,2.2928032999999957
bio7,13,53,2.4222812999999945
bio7,13,54,1.8060212999999976
bio7,13,55,2.582468299999995
bio7,13,57,5.032338899999999
bio7,13,60,1.2087204999999983
bio7,23,24,17.137792000000005
bio7,23,25,20.079179000000003
bio7,23,26,26.763309300000003
bio7,23,27,21.100743
bio7,23,28,20.701277700000006
bio7,23,32,36.900152000000006
bio7,23,33,26.966792000000005
bio7,23,37,33.547531000000006
bio7,23,42,22.935552
bio7,23,43,36.0321
bio7,23,45,22.2250833
bio7,23,46,24.095424
bio7,23,48,5.841068
bio7,23,49,25.0915886
bio7,23,52,23.771965
bio7,23,53,23.901443
bio7,23,54,23.285183000000004
bio7,23,55,24.06163
bio7,23,57,26.511500600000005
bio7,23,60,22.687882200000004
bio7,24,25,2.941386999999999
bio7,24,26,9.625517299999998
bio7,24,27,3.962950999999997
bio7,24,28,3.563485700000001
bio7,24,32,19.762359999999997
bio7,24,33,9.829
bio7,24,37,16.409739
bio7,24,42,5.797759999999997
bio7,24,43,18.894308
bio7,24,45,5.087291299999997
bio7,24,46,6.957631999999997
bio7,24,48,11.296724000000005
bio7,24,49,7.953796599999997
bio7,24,52,6.634172999999997
bio7,24,53,6.763650999999996
bio7,24,54,6.147390999999999
bio7,24,55,6.923837999999996
bio7,24,57,9.3737086
bio7,24,60,5.5500902
bio7,25,26,6.6841303
bio7,25,27,1.021563999999998
bio7,25,28,0.6220987000000022
bio7,25,32,16.820973
bio7,25,33,6.887613000000002
bio7,25,37,13.468352
bio7,25,42,2.856372999999998
bio7,25,43,15.952921
bio7,25,45,2.145904299999998
bio7,25,46,4.016244999999998
bio7,25,48,14.238111000000004
bio7,25,49,5.012409599999998
bio7,25,52,3.692785999999998
bio7,25,53,3.822263999999997
bio7,25,54,3.206004
bio7,25,55,3.9824509999999975
bio7,25,57,6.432321600000002
bio7,25,60,2.6087032000000008
bio7,26,27,5.662566300000002
bio7,26,28,6.062031599999997
bio7,26,32,10.136842699999999
bio7,26,33,0.20348270000000213
bio7,26,37,6.7842217
bio7,26,42,3.827757300000002
bio7,26,43,9.2687907
bio7,26,45,4.538226000000002
bio7,26,46,2.667885300000002
bio7,26,48,20.922241300000003
bio7,26,49,1.6717207000000016
bio7,26,52,2.9913443000000015
bio7,26,53,2.8618663000000026
bio7,26,54,3.4781262999999996
bio7,26,55,2.701679300000002
bio7,26,57,0.251808699999998
bio7,26,60,4.075427099999999
bio7,27,28,0.3994652999999957
bio7,27,32,15.799409
bio7,27,33,5.866049000000004
bio7,27,37,12.446788000000002
bio7,27,42,1.834809
bio7,27,43,14.931357000000002
bio7,27,45,1.1243403
bio7,27,46,2.994681
bio7,27,48,15.259675000000001
bio7,27,49,3.9908456
bio7,27,52,2.671222
bio7,27,53,2.800699999999999
bio7,27,54,2.184440000000002
bio7,27,55,2.9608869999999996
bio7,27,57,5.410757600000004
bio7,27,60,1.5871392000000029
bio7,28,32,16.198874299999996
bio7,28,33,6.2655142999999995
bio7,28,37,12.846253299999997
bio7,28,42,2.2342742999999956
bio7,28,43,15.330822299999998
bio7,28,45,1.5238055999999958
bio7,28,46,3.3941462999999956
bio7,28,48,14.860209700000006
bio7,28,49,4.390310899999996
bio7,28,52,3.070687299999996
bio7,28,53,3.2001652999999948
bio7,28,54,2.583905299999998
bio7,28,55,3.3603522999999953
bio7,28,57,5.810222899999999
bio7,28,60,1.9866044999999986
bio7,32,33,9.933359999999997
bio7,32,37,3.352620999999999
bio7,32,42,13.9646
bio7,32,43,0.8680519999999987
bio7,32,45,14.6750687
bio7,32,46,12.804728
bio7,32,48,31.059084000000002
bio7,32,49,11.8085634
bio7,32,52,13.128187
bio7,32,53,12.998709000000002
bio7,32,54,13.614968999999999
bio7,32,55,12.838522000000001
bio7,32,57,10.388651399999997
bio7,32,60,14.212269799999998
bio7,33,37,6.580738999999998
bio7,33,42,4.031240000000004
bio7,33,43,9.065307999999998
bio7,33,45,4.741708700000004
bio7,33,46,2.871368000000004
bio7,33,48,21.125724000000005
bio7,33,49,1.8752034000000037
bio7,33,52,3.1948270000000036
bio7,33,53,3.0653490000000048
bio7,33,54,3.6816090000000017
bio7,33,55,2.9051620000000042
bio7,33,57,0.4552914000000001
bio7,33,60,4.278909800000001
bio7,37,42,10.611979000000002
bio7,37,43,2.4845690000000005
bio7,37,45,11.322447700000001
bio7,37,46,9.452107000000002
bio7,37,48,27.706463000000003
bio7,37,49,8.455942400000001
bio7,37,52,9.775566000000001
bio7,37,53,9.646088000000002
bio7,37,54,10.262348
bio7,37,55,9.485901000000002
bio7,37,57,7.036030399999998
bio7,37,60,10.859648799999999
bio7,42,43,13.096548000000002
bio7,42,45,0.7104686999999998
bio7,42,46,1.159872
bio7,42,48,17.094484
bio7,42,49,2.1560366
bio7,42,52,0.8364130000000003
bio7,42,53,0.9658909999999992
bio7,42,54,0.34963100000000225
bio7,42,55,1.1260779999999997
bio7,42,57,3.575948600000004
bio7,42,60,0.24766979999999705
bio7,43,45,13.807016700000002
bio7,43,46,11.936676000000002
bio7,43,48,30.191032000000003
bio7,43,49,10.940511400000002
bio7,43,52,12.260135000000002
bio7,43,53,12.130657000000003
bio7,43,54,12.746917
bio7,43,55,11.970470000000002
bio7,43,57,9.520599399999998
bio7,43,60,13.3442178
bio7,45,46,1.8703406999999999
bio7,45,48,16.3840153
bio7,45,49,2.8665053
bio7,45,52,1.5468817000000001
bio7,45,53,1.676359699999999
bio7,45,54,1.060099700000002
bio7,45,55,1.8365466999999995
bio7,45,57,4.286417300000004
bio7,45,60,0.4627989000000028
bio7,46,48,18.254356
bio7,46,49,0.9961646000000002
bio7,46,52,0.3234589999999997
bio7,46,53,0.19398100000000085
bio7,46,54,0.8102409999999978
bio7,46,55,0.033794000000000324
bio7,46,57,2.416076600000004
bio7,46,60,1.407541799999997
bio7,48,49,19.2505206
bio7,48,52,17.930897
bio7,48,53,18.060375
bio7,48,54,17.444115000000004
bio7,48,55,18.220562
bio7,48,57,20.670432600000005
bio7,48,60,16.846814200000004
bio7,49,52,1.3196236
bio7,49,53,1.190145600000001
bio7,49,54,1.806405599999998
bio7,49,55,1.0299586000000005
bio7,49,57,1.4199120000000036
bio7,49,60,2.4037063999999972
bio7,52,53,0.12947799999999887
bio7,52,54,0.48678199999999805
bio7,52,55,0.2896649999999994
bio7,52,57,2.7395356000000035
bio7,52,60,1.0840827999999973
bio7,53,54,0.6162599999999969
bio7,53,55,0.16018700000000052
bio7,53,57,2.6100576000000046
bio7,53,60,1.2135607999999962
bio7,54,55,0.7764469999999974
bio7,54,57,3.2263176000000016
bio7,54,60,0.5973007999999993
bio7,55,57,2.449870600000004
bio7,55,60,1.3737477999999967
bio7,57,60,3.823618400000001
bio8,1,2,13.5290475
bio8,1,4,13.4277885166667
bio8,1,5,8.1948974543333
bio8,1,6,17.9515857833333
bio8,1,9,6.300738883333331
bio8,1,10,18.0562009916667
bio8,1,11,21.54669595
bio8,1,12,6.5386640499999995
bio8,1,13,17.8924831766667
bio8,1,23,19.0926394166667
bio8,1,24,11.7274984166667
bio8,1,25,18.53474545
bio8,1,26,13.1329175166667
bio8,1,27,15.79416595
bio8,1,28,23.18162745
bio8,1,32,16.83156345
bio8,1,33,2.0056049999999996
bio8,1,37,9.86332555
bio8,1,42,16.7714404
bio8,1,43,8.7811537333333
bio8,1,45,11.963516175
bio8,1,46,0.9970821166666699
bio8,1,48,2.3238922833333295
bio8,1,49,19.1427732833333
bio8,1,52,1.78620418333333
bio8,1,53,1.9899866333333303
bio8,1,54,2.6426002166666698
bio8,1,55,5.7716949
bio8,1,57,14.810424650000002
bio8,1,60,9.8614163
bio8,2,4,0.10125898333330063
bio8,2,5,5.3341500456667
bio8,2,6,4.422538283333299
bio8,2,9,7.22830861666667
bio8,2,10,4.527153491666699
bio8,2,11,8.01764845
bio8,2,12,6.990383450000001
bio8,2,13,4.3634356766667
bio8,2,23,5.563591916666699
bio8,2,24,1.8015490833333008
bio8,2,25,5.005697949999998
bio8,2,26,0.3961299833333012
bio8,2,27,2.2651184499999992
bio8,2,28,9.65257995
bio8,2,32,3.30251595
bio8,2,33,11.523442500000002
bio8,2,37,3.66572195
bio8,2,42,3.2423928999999987
bio8,2,43,4.747893766666701
bio8,2,45,1.5655313250000003
bio8,2,46,12.53196538333333
bio8,2,48,11.205155216666672
bio8,2,49,5.613725783333301
bio8,2,52,11.74284331666667
bio8,2,53,11.53906086666667
bio8,2,54,10.88644728333333
bio8,2,55,7.757352600000001
bio8,2,57,1.2813771500000009
bio8,2,60,3.6676312000000006
bio8,4,5,5.232891062333399
bio8,4,6,4.5237972666666
bio8,4,9,7.127049633333369
bio8,4,10,4.628412474999999
bio8,4,11,8.1189074333333
bio8,4,12,6.889124466666701
bio8,4,13,4.464694660000001
bio8,4,23,5.664850899999999
bio8,4,24,1.7002901000000001
bio8,4,25,5.106956933333299
bio8,4,26,0.29487100000000055
bio8,4,27,2.3663774333333
bio8,4,28,9.7538389333333
bio8,4,32,3.4037749333333007
bio8,4,33,11.4221835166667
bio8,4,37,3.5644629666666994
bio8,4,42,3.3436518833332993
bio8,4,43,4.6466347833334005
bio8,4,45,1.4642723416666996
bio8,4,46,12.43070640000003
bio8,4,48,11.10389623333337
bio8,4,49,5.714984766666602
bio8,4,52,11.64158433333337
bio8,4,53,11.43780188333337
bio8,4,54,10.78518830000003
bio8,4,55,7.6560936166667
bio8,4,57,1.3826361333333015
bio8,4,60,3.5663722166667
bio8,5,6,9.756688329
bio8,5,9,1.89415857099997
bio8,5,10,9.861303537333399
bio8,5,11,13.3517984956667
bio8,5,12,1.6562334043333014
bio8,5,13,9.6975857223334
bio8,5,23,10.897741962333399
bio8,5,24,3.532600962333399
bio8,5,25,10.339847995666698
bio8,5,26,4.938020062333399
bio8,5,27,7.599268495666699
bio8,5,28,14.9867299956667
bio8,5,32,8.6366659956667
bio8,5,33,6.189292454333301
bio8,5,37,1.6684280956667
bio8,5,42,8.576542945666699
bio8,5,43,0.5862562789999988
bio8,5,45,3.7686187206666997
bio8,5,46,7.197815337666631
bio8,5,48,5.871005170999971
bio8,5,49,10.947875829000001
bio8,5,52,6.40869327099997
bio8,5,53,6.20491082099997
bio8,5,54,5.552297237666631
bio8,5,55,2.423202554333301
bio8,5,57,6.615527195666701
bio8,5,60,1.6665188456666993
bio8,6,9,11.65084689999997
bio8,6,10,0.10461520833339932
bio8,6,11,3.5951101666667
bio8,6,12,11.4129217333333
bio8,6,13,0.059102606666598945
bio8,6,23,1.1410536333333994
bio8,6,24,6.2240873666666
bio8,6,25,0.5831596666666989
bio8,6,26,4.8186682666666005
bio8,6,27,2.1574198333333
bio8,6,28,5.2300416666667005
bio8,6,32,1.1200223333332993
bio8,6,33,15.945980783333301
bio8,6,37,8.0882602333333
bio8,6,42,1.1801453833333007
bio8,6,43,9.17043205
bio8,6,45,5.9880696083333
bio8,6,46,16.95450366666663
bio8,6,48,15.627693499999971
bio8,6,49,1.1911875000000016
bio8,6,52,16.165381599999968
bio8,6,53,15.96159914999997
bio8,6,54,15.30898556666663
bio8,6,55,12.1798908833333
bio8,6,57,3.1411611333332985
bio8,6,60,8.0901694833333
bio8,9,10,11.755462108333369
bio8,9,11,15.24595706666667
bio8,9,12,0.23792516666666863
bio8,9,13,11.59174429333337
bio8,9,23,12.791900533333369
bio8,9,24,5.426759533333369
bio8,9,25,12.234006566666668
bio8,9,26,6.832178633333369
bio8,9,27,9.49342706666667
bio8,9,28,16.88088856666667
bio8,9,32,10.53082456666667
bio8,9,33,4.295133883333331
bio8,9,37,3.56258666666667
bio8,9,42,10.470701516666669
bio8,9,43,2.4804148499999688
bio8,9,45,5.66277729166667
bio8,9,46,5.303656766666661
bio8,9,48,3.976846600000001
bio8,9,49,12.84203439999997
bio8,9,52,4.5145347000000005
bio8,9,53,4.31075225
bio8,9,54,3.6581386666666607
bio8,9,55,0.5290439833333309
bio8,9,57,8.50968576666667
bio8,9,60,3.5606774166666693
bio8,10,11,3.4904949583333007
bio8,10,12,11.5175369416667
bio8,10,13,0.16371781499999827
bio8,10,23,1.036438425
bio8,10,24,6.328702574999999
bio8,10,25,0.4785444583332996
bio8,10,26,4.923283475
bio8,10,27,2.2620350416666994
bio8,10,28,5.125426458333301
bio8,10,32,1.2246375416666986
bio8,10,33,16.0505959916667
bio8,10,37,8.192875441666699
bio8,10,42,1.2847605916667
bio8,10,43,9.2750472583334
bio8,10,45,6.092684816666699
bio8,10,46,17.059118875000028
bio8,10,48,15.73230870833337
bio8,10,49,1.0865722916666023
bio8,10,52,16.269996808333367
bio8,10,53,16.06621435833337
bio8,10,54,15.41360077500003
bio8,10,55,12.2845060916667
bio8,10,57,3.245776341666698
bio8,10,60,8.1947846916667
bio8,11,12,15.0080319
bio8,11,13,3.654212773333299
bio8,11,23,2.4540565333333006
bio8,11,24,9.8191975333333
bio8,11,25,3.011950500000001
bio8,11,26,8.4137784333333
bio8,11,27,5.75253
bio8,11,28,1.6349315000000004
bio8,11,32,4.715132499999999
bio8,11,33,19.54109095
bio8,11,37,11.6833704
bio8,11,42,4.775255550000001
bio8,11,43,12.7655422166667
bio8,11,45,9.583179775
bio8,11,46,20.54961383333333
bio8,11,48,19.22280366666667
bio8,11,49,2.4039226666666984
bio8,11,52,19.760491766666668
bio8,11,53,19.55670931666667
bio8,11,54,18.904095733333328
bio8,11,55,15.77500105
bio8,11,57,6.7362712999999985
bio8,11,60,11.68527965
bio8,12,13,11.353819126666702
bio8,12,23,12.5539753666667
bio8,12,24,5.1888343666667005
bio8,12,25,11.9960814
bio8,12,26,6.5942534666667
bio8,12,27,9.2555019
bio8,12,28,16.6429634
bio8,12,32,10.292899400000001
bio8,12,33,4.533059049999999
bio8,12,37,3.3246615000000013
bio8,12,42,10.23277635
bio8,12,43,2.2424896833333
bio8,12,45,5.424852125000001
bio8,12,46,5.54158193333333
bio8,12,48,4.2147717666666695
bio8,12,49,12.604109233333302
bio8,12,52,4.752459866666669
bio8,12,53,4.548677416666669
bio8,12,54,3.8960638333333293
bio8,12,55,0.7669691499999995
bio8,12,57,8.271760600000002
bio8,12,60,3.3227522500000006
bio8,13,23,1.2001562399999983
bio8,13,24,6.164984760000001
bio8,13,25,0.6422622733332979
bio8,13,26,4.759565660000002
bio8,13,27,2.098317226666701
bio8,13,28,5.289144273333299
bio8,13,32,1.0609197266667003
bio8,13,33,15.886878176666702
bio8,13,37,8.0291576266667
bio8,13,42,1.1210427766667017
bio8,13,43,9.111329443333402
bio8,13,45,5.928967001666701
bio8,13,46,16.89540106000003
bio8,13,48,15.568590893333372
bio8,13,49,1.2502901066666006
bio8,13,52,16.10627899333337
bio8,13,53,15.90249654333337
bio8,13,54,15.249882960000031
bio8,13,55,12.120788276666701
bio8,13,57,3.0820585266666995
bio8,13,60,8.031066876666701
bio8,23,24,7.3651409999999995
bio8,23,25,0.5578939666667004
bio8,23,26,5.9597219
bio8,23,27,3.2984734666666995
bio8,23,28,4.088988033333301
bio8,23,32,2.2610759666666986
bio8,23,33,17.0870344166667
bio8,23,37,9.229313866666699
bio8,23,42,2.3211990166667
bio8,23,43,10.3114856833334
bio8,23,45,7.129123241666699
bio8,23,46,18.095557300000028
bio8,23,48,16.76874713333337
bio8,23,49,0.050133866666602245
bio8,23,52,17.306435233333367
bio8,23,53,17.10265278333337
bio8,23,54,16.450039200000028
bio8,23,55,13.3209445166667
bio8,23,57,4.282214766666698
bio8,23,60,9.2312231166667
bio8,24,25,6.807247033333299
bio8,24,26,1.4054190999999996
bio8,24,27,4.0666675333333
bio8,24,28,11.4541290333333
bio8,24,32,5.104065033333301
bio8,24,33,9.721893416666699
bio8,24,37,1.8641728666666992
bio8,24,42,5.0439419833332995
bio8,24,43,2.9463446833334004
bio8,24,45,0.23601775833330052
bio8,24,46,10.73041630000003
bio8,24,48,9.40360613333337
bio8,24,49,7.415274866666602
bio8,24,52,9.94129423333337
bio8,24,53,9.73751178333337
bio8,24,54,9.08489820000003
bio8,24,55,5.9558035166667
bio8,24,57,3.0829262333333016
bio8,24,60,1.8660821166666999
bio8,25,26,5.4018279333332995
bio8,25,27,2.740579499999999
bio8,25,28,4.6468820000000015
bio8,25,32,1.7031819999999982
bio8,25,33,16.52914045
bio8,25,37,8.671419899999998
bio8,25,42,1.7633050499999996
bio8,25,43,9.7535917166667
bio8,25,45,6.5712292749999985
bio8,25,46,17.537663333333327
bio8,25,48,16.21085316666667
bio8,25,49,0.6080278333333027
bio8,25,52,16.74854126666667
bio8,25,53,16.54475881666667
bio8,25,54,15.892145233333329
bio8,25,55,12.763050549999999
bio8,25,57,3.7243207999999974
bio8,25,60,8.673329149999999
bio8,26,27,2.6612484333333004
bio8,26,28,10.048709933333301
bio8,26,32,3.6986459333333013
bio8,26,33,11.127312516666699
bio8,26,37,3.269591966666699
bio8,26,42,3.6385228833333
bio8,26,43,4.3517637833334
bio8,26,45,1.169401341666699
bio8,26,46,12.13583540000003
bio8,26,48,10.809025233333369
bio8,26,49,6.009855766666602
bio8,26,52,11.34671333333337
bio8,26,53,11.142930883333369
bio8,26,54,10.49031730000003
bio8,26,55,7.3612226166667
bio8,26,57,1.677507133333302
bio8,26,60,3.2715012166666995
bio8,27,28,7.387461500000001
bio8,27,32,1.0373975000000009
bio8,27,33,13.78856095
bio8,27,37,5.930840399999999
bio8,27,42,0.9772744499999995
bio8,27,43,7.0130122166667
bio8,27,45,3.8306497749999995
bio8,27,46,14.79708383333333
bio8,27,48,13.470273666666671
bio8,27,49,3.3486073333333017
bio8,27,52,14.00796176666667
bio8,27,53,13.80417931666667
bio8,27,54,13.15156573333333
bio8,27,55,10.02247105
bio8,27,57,0.9837412999999984
bio8,27,60,5.93274965
bio8,28,32,6.350064
bio8,28,33,21.17602245
bio8,28,37,13.3183019
bio8,28,42,6.410187050000001
bio8,28,43,14.400473716666701
bio8,28,45,11.218111275
bio8,28,46,22.18454533333333
bio8,28,48,20.85773516666667
bio8,28,49,4.038854166666699
bio8,28,52,21.39542326666667
bio8,28,53,21.19164081666667
bio8,28,54,20.53902723333333
bio8,28,55,17.40993255
bio8,28,57,8.371202799999999
bio8,28,60,13.32021115
bio8,32,33,14.825958450000002
bio8,32,37,6.9682379
bio8,32,42,0.0601230500000014
bio8,32,43,8.050409716666701
bio8,32,45,4.868047275
bio8,32,46,15.834481333333331
bio8,32,48,14.507671166666672
bio8,32,49,2.311209833333301
bio8,32,52,15.04535926666667
bio8,32,53,14.84157681666667
bio8,32,54,14.18896323333333
bio8,32,55,11.059868550000001
bio8,32,57,2.0211387999999992
bio8,32,60,6.970147150000001
bio8,33,37,7.857720550000001
bio8,33,42,14.7658354
bio8,33,43,6.7755487333332995
bio8,33,45,9.957911175
bio8,33,46,1.0085228833333297
bio8,33,48,0.3182872833333299
bio8,33,49,17.137168283333303
bio8,33,52,0.21940081666666966
bio8,33,53,0.015618366666669381
bio8,33,54,0.6369952166666701
bio8,33,55,3.7660899
bio8,33,57,12.804819650000002
bio8,33,60,7.8558113
bio8,37,42,6.908114849999999
bio8,37,43,1.0821718166667011
bio8,37,45,2.1001906249999998
bio8,37,46,8.86624343333333
bio8,37,48,7.539433266666671
bio8,37,49,9.279447733333301
bio8,37,52,8.07712136666667
bio8,37,53,7.87333891666667
bio8,37,54,7.2207253333333306
bio8,37,55,4.091630650000001
bio8,37,57,4.947099100000001
bio8,37,60,0.0019092500000006396
bio8,42,43,7.9902866666667
bio8,42,45,4.807924224999999
bio8,42,46,15.77435828333333
bio8,42,48,14.44754811666667
bio8,42,49,2.3713328833333023
bio8,42,52,14.985236216666669
bio8,42,53,14.781453766666669
bio8,42,54,14.12884018333333
bio8,42,55,10.9997455
bio8,42,57,1.9610157499999978
bio8,42,60,6.910024099999999
bio8,43,45,3.182362441666701
bio8,43,46,7.78407161666663
bio8,43,48,6.45726144999997
bio8,43,49,10.361619550000002
bio8,43,52,6.994949549999969
bio8,43,53,6.791167099999969
bio8,43,54,6.138553516666629
bio8,43,55,3.0094588333332997
bio8,43,57,6.029270916666702
bio8,43,60,1.0802625666667005
bio8,45,46,10.96643405833333
bio8,45,48,9.63962389166667
bio8,45,49,7.179257108333301
bio8,45,52,10.17731199166667
bio8,45,53,9.97352954166667
bio8,45,54,9.32091595833333
bio8,45,55,6.191821275000001
bio8,45,57,2.846908475000001
bio8,45,60,2.1020998750000004
bio8,46,48,1.3268101666666596
bio8,46,49,18.14569116666663
bio8,46,52,0.7891220666666601
bio8,46,53,0.9929045166666604
bio8,46,54,1.6455180999999999
bio8,46,55,4.77461278333333
bio8,46,57,13.813342533333332
bio8,46,60,8.86433418333333
bio8,48,49,16.818880999999973
bio8,48,52,0.5376880999999996
bio8,48,53,0.3339056499999993
bio8,48,54,0.31870793333334024
bio8,48,55,3.44780261666667
bio8,48,57,12.486532366666673
bio8,48,60,7.53752401666667
bio8,49,52,17.356569099999973
bio8,49,53,17.15278664999997
bio8,49,54,16.500173066666633
bio8,49,55,13.371078383333302
bio8,49,57,4.3323486333333
bio8,49,60,9.281356983333302
bio8,52,53,0.20378245000000028
bio8,52,54,0.8563960333333398
bio8,52,55,3.9854907166666695
bio8,52,57,13.024220466666671
bio8,52,60,8.07521211666667
bio8,53,54,0.6526135833333395
bio8,53,55,3.7817082666666693
bio8,53,57,12.820438016666671
bio8,53,60,7.871429666666669
bio8,54,55,3.1290946833333297
bio8,54,57,12.167824433333331
bio8,54,60,7.21881608333333
bio8,55,57,9.038729750000002
bio8,55,60,4.0897214
bio8,57,60,4.9490083500000015
bio9,1,2,13.155690933333402
bio9,1,4,13.775467099999998
bio9,1,5,13.229621100000001
bio9,1,6,3.2373550833333002
bio9,1,9,9.06518444999997
bio9,1,10,18.721190933333403
bio9,1,11,8.51883089999997
bio9,1,12,8.2566992333333
bio9,1,13,18.578789766666702
bio9,1,23,21.8309207333333
bio9,1,24,11.025549899999966
bio9,1,25,5.05235627999997
bio9,1,26,16.1719031
bio9,1,27,5.3592392333333
bio9,1,28,2.0927902999999706
bio9,1,32,13.8117061
bio9,1,33,8.6426477166667
bio9,1,37,0.7057221433333005
bio9,1,42,6.00548456666663
bio9,1,43,13.699928933333402
bio9,1,45,14.157782933333399
bio9,1,46,0.16767398333339933
bio9,1,48,9.653296816666701
bio9,1,49,4.87259071666663
bio9,1,52,3.5797969166667
bio9,1,53,4.026701543333401
bio9,1,54,3.4793089333333995
bio9,1,55,8.3340470166667
bio9,1,57,7.005705050000001
bio9,1,60,15.771323433333402
bio9,2,4,0.6197761666665969
bio9,2,5,0.07393016666659946
bio9,2,6,16.393046016666702
bio9,2,9,22.22087538333337
bio9,2,10,5.5655
bio9,2,11,21.674521833333372
bio9,2,12,21.4123901666667
bio9,2,13,5.423098833333299
bio9,2,23,34.986611666666704
bio9,2,24,24.18124083333337
bio9,2,25,18.208047213333373
bio9,2,26,3.016212166666598
bio9,2,27,18.5149301666667
bio9,2,28,15.248481233333372
bio9,2,32,0.6560151666665988
bio9,2,33,4.513043216666702
bio9,2,37,13.861413076666702
bio9,2,42,19.16117550000003
bio9,2,43,0.544238
bio9,2,45,1.0020919999999975
bio9,2,46,12.988016950000002
bio9,2,48,3.5023941166667
bio9,2,49,18.028281650000032
bio9,2,52,9.575894016666702
bio9,2,53,9.128989390000001
bio9,2,54,9.676382000000002
bio9,2,55,4.821643916666702
bio9,2,57,6.1499858833334
bio9,2,60,2.6156325000000002
bio9,4,5,0.5458459999999974
bio9,4,6,17.0128221833333
bio9,4,9,22.84065154999997
bio9,4,10,4.945723833333403
bio9,4,11,22.29429799999997
bio9,4,12,22.032166333333297
bio9,4,13,4.803322666666702
bio9,4,23,35.6063878333333
bio9,4,24,24.801016999999966
bio9,4,25,18.82782337999997
bio9,4,26,2.3964360000000013
bio9,4,27,19.1347063333333
bio9,4,28,15.868257399999969
bio9,4,32,0.03623900000000191
bio9,4,33,5.132819383333299
bio9,4,37,14.481189243333299
bio9,4,42,19.780951666666628
bio9,4,43,0.07553816666659685
bio9,4,45,0.3823158333334007
bio9,4,46,13.607793116666599
bio9,4,48,4.122170283333297
bio9,4,49,18.64805781666663
bio9,4,52,10.195670183333299
bio9,4,53,9.748765556666598
bio9,4,54,10.296158166666599
bio9,4,55,5.441420083333298
bio9,4,57,6.769762049999997
bio9,4,60,1.9958563333334034
bio9,5,6,16.4669761833333
bio9,5,9,22.29480554999997
bio9,5,10,5.491569833333401
bio9,5,11,21.748451999999972
bio9,5,12,21.4863203333333
bio9,5,13,5.349168666666699
bio9,5,23,35.0605418333333
bio9,5,24,24.25517099999997
bio9,5,25,18.281977379999972
bio9,5,26,2.9422819999999987
bio9,5,27,18.5888603333333
bio9,5,28,15.322411399999972
bio9,5,32,0.5820849999999993
bio9,5,33,4.5869733833333015
bio9,5,37,13.935343243333302
bio9,5,42,19.23510566666663
bio9,5,43,0.47030783333340054
bio9,5,45,0.9281618333333981
bio9,5,46,13.061947116666602
bio9,5,48,3.5763242833332995
bio9,5,49,18.10221181666663
bio9,5,52,9.649824183333301
bio9,5,53,9.2029195566666
bio9,5,54,9.750312166666601
bio9,5,55,4.895574083333301
bio9,5,57,6.22391605
bio9,5,60,2.541702333333401
bio9,6,9,5.82782936666667
bio9,6,10,21.958546016666702
bio9,6,11,5.28147581666667
bio9,6,12,5.01934415
bio9,6,13,21.81614485
bio9,6,23,18.593565650000002
bio9,6,24,7.788194816666666
bio9,6,25,1.8150011966666701
bio9,6,26,19.4092581833333
bio9,6,27,2.1218841499999996
bio9,6,28,1.1445647833333297
bio9,6,32,17.0490611833333
bio9,6,33,11.8800028
bio9,6,37,2.5316329399999997
bio9,6,42,2.76812948333333
bio9,6,43,16.937284016666702
bio9,6,45,17.3951380166667
bio9,6,46,3.4050290666666996
bio9,6,48,12.890651900000002
bio9,6,49,1.6352356333333296
bio9,6,52,6.817152
bio9,6,53,7.264056626666701
bio9,6,54,6.7166640166667
bio9,6,55,11.5714021
bio9,6,57,10.243060133333302
bio9,6,60,19.008678516666702
bio9,9,10,27.78637538333337
bio9,9,11,0.5463535500000001
bio9,9,12,0.8084852166666701
bio9,9,13,27.64397421666667
bio9,9,23,12.76573628333333
bio9,9,24,1.9603654499999958
bio9,9,25,4.01282817
bio9,9,26,25.23708754999997
bio9,9,27,3.70594521666667
bio9,9,28,6.9723941499999995
bio9,9,32,22.87689054999997
bio9,9,33,17.70783216666667
bio9,9,37,8.35946230666667
bio9,9,42,3.05969988333334
bio9,9,43,22.76511338333337
bio9,9,45,23.22296738333337
bio9,9,46,9.23285843333337
bio9,9,48,18.71848126666667
bio9,9,49,4.19259373333334
bio9,9,52,12.64498136666667
bio9,9,53,13.09188599333337
bio9,9,54,12.54449338333337
bio9,9,55,17.39923146666667
bio9,9,57,16.07088949999997
bio9,9,60,24.836507883333372
bio9,10,11,27.240021833333373
bio9,10,12,26.9778901666667
bio9,10,13,0.14240116666670133
bio9,10,23,40.552111666666704
bio9,10,24,29.74674083333337
bio9,10,25,23.773547213333373
bio9,10,26,2.549287833333402
bio9,10,27,24.0804301666667
bio9,10,28,20.813981233333372
bio9,10,32,4.909484833333401
bio9,10,33,10.078543216666702
bio9,10,37,19.4269130766667
bio9,10,42,24.72667550000003
bio9,10,43,5.021262
bio9,10,45,4.563408000000003
bio9,10,46,18.553516950000002
bio9,10,48,9.0678941166667
bio9,10,49,23.593781650000032
bio9,10,52,15.141394016666702
bio9,10,53,14.694489390000001
bio9,10,54,15.241882000000002
bio9,10,55,10.387143916666702
bio9,10,57,11.7154858833334
bio9,10,60,2.9498675
bio9,11,12,0.26213166666667
bio9,11,13,27.09762066666667
bio9,11,23,13.312089833333332
bio9,11,24,2.506718999999996
bio9,11,25,3.4664746199999996
bio9,11,26,24.69073399999997
bio9,11,27,3.15959166666667
bio9,11,28,6.426040599999999
bio9,11,32,22.33053699999997
bio9,11,33,17.16147861666667
bio9,11,37,7.8131087566666695
bio9,11,42,2.51334633333334
bio9,11,43,22.218759833333372
bio9,11,45,22.67661383333337
bio9,11,46,8.68650488333337
bio9,11,48,18.172127716666672
bio9,11,49,3.64624018333334
bio9,11,52,12.09862781666667
bio9,11,53,12.545532443333371
bio9,11,54,11.998139833333369
bio9,11,55,16.85287791666667
bio9,11,57,15.524535949999972
bio9,11,60,24.290154333333373
bio9,12,13,26.835489
bio9,12,23,13.5742215
bio9,12,24,2.768850666666666
bio9,12,25,3.2043429533333296
bio9,12,26,24.4286023333333
bio9,12,27,2.89746
bio9,12,28,6.16390893333333
bio9,12,32,22.0684053333333
bio9,12,33,16.899346949999998
bio9,12,37,7.55097709
bio9,12,42,2.25121466666667
bio9,12,43,21.9566281666667
bio9,12,45,22.414482166666698
bio9,12,46,8.4243732166667
bio9,12,48,17.90999605
bio9,12,49,3.3841085166666702
bio9,12,52,11.83649615
bio9,12,53,12.283400776666701
bio9,12,54,11.7360081666667
bio9,12,55,16.59074625
bio9,12,57,15.262404283333302
bio9,12,60,24.0280226666667
bio9,13,23,40.4097105
bio9,13,24,29.604339666666668
bio9,13,25,23.63114604666667
bio9,13,26,2.4068866666667006
bio9,13,27,23.938029
bio9,13,28,20.67158006666667
bio9,13,32,4.7670836666667
bio9,13,33,9.93614205
bio9,13,37,19.28451191
bio9,13,42,24.58427433333333
bio9,13,43,4.878860833333299
bio9,13,45,4.421006833333301
bio9,13,46,18.4111157833333
bio9,13,48,8.925492949999999
bio9,13,49,23.45138048333333
bio9,13,52,14.99899285
bio9,13,53,14.5520882233333
bio9,13,54,15.0994808333333
bio9,13,55,10.24474275
bio9,13,57,11.573084716666699
bio9,13,60,2.8074663333332985
bio9,23,24,10.805370833333335
bio9,23,25,16.77856445333333
bio9,23,26,38.0028238333333
bio9,23,27,16.471681500000003
bio9,23,28,19.738130433333332
bio9,23,32,35.6426268333333
bio9,23,33,30.473568450000002
bio9,23,37,21.12519859
bio9,23,42,15.82543616666667
bio9,23,43,35.530849666666704
bio9,23,45,35.9887036666667
bio9,23,46,21.9985947166667
bio9,23,48,31.484217550000004
bio9,23,49,16.95833001666667
bio9,23,52,25.410717650000002
bio9,23,53,25.857622276666703
bio9,23,54,25.3102296666667
bio9,23,55,30.164967750000002
bio9,23,57,28.836625783333304
bio9,23,60,37.6022441666667
bio9,24,25,5.9731936199999955
bio9,24,26,27.197452999999967
bio9,24,27,5.666310666666666
bio9,24,28,8.932759599999995
bio9,24,32,24.837255999999968
bio9,24,33,19.668197616666667
bio9,24,37,10.319827756666665
bio9,24,42,5.020065333333336
bio9,24,43,24.72547883333337
bio9,24,45,25.183332833333367
bio9,24,46,11.193223883333365
bio9,24,48,20.67884671666667
bio9,24,49,6.152959183333336
bio9,24,52,14.605346816666666
bio9,24,53,15.052251443333367
bio9,24,54,14.504858833333365
bio9,24,55,19.359596916666668
bio9,24,57,18.03125494999997
bio9,24,60,26.796873333333366
bio9,25,26,21.22425937999997
bio9,25,27,0.3068829533333295
bio9,25,28,2.95956598
bio9,25,32,18.86406237999997
bio9,25,33,13.69500399666667
bio9,25,37,4.34663413666667
bio9,25,42,0.9531282866666597
bio9,25,43,18.752285213333373
bio9,25,45,19.21013921333337
bio9,25,46,5.22003026333337
bio9,25,48,14.705653096666673
bio9,25,49,0.1797655633333406
bio9,25,52,8.632153196666671
bio9,25,53,9.079057823333372
bio9,25,54,8.531665213333369
bio9,25,55,13.386403296666671
bio9,25,57,12.058061329999973
bio9,25,60,20.823679713333373
bio9,26,27,21.5311423333333
bio9,26,28,18.26469339999997
bio9,26,32,2.3601969999999994
bio9,26,33,7.5292553833333
bio9,26,37,16.8776252433333
bio9,26,42,22.17738766666663
bio9,26,43,2.471974166666598
bio9,26,45,2.0141201666666007
bio9,26,46,16.0042291166666
bio9,26,48,6.518606283333298
bio9,26,49,21.04449381666663
bio9,26,52,12.5921061833333
bio9,26,53,12.1452015566666
bio9,26,54,12.6925941666666
bio9,26,55,7.8378560833333
bio9,26,57,9.166198049999998
bio9,26,60,0.40057966666659794
bio9,27,28,3.2664489333333293
bio9,27,32,19.1709453333333
bio9,27,33,14.00188695
bio9,27,37,4.653517089999999
bio9,27,42,0.6462453333333302
bio9,27,43,19.0591681666667
bio9,27,45,19.5170221666667
bio9,27,46,5.526913216666699
bio9,27,48,15.012536050000001
bio9,27,49,0.4866485166666701
bio9,27,52,8.93903615
bio9,27,53,9.3859407766667
bio9,27,54,8.8385481666667
bio9,27,55,13.69328625
bio9,27,57,12.364944283333301
bio9,27,60,21.1305626666667
bio9,28,32,15.904496399999971
bio9,28,33,10.73543801666667
bio9,28,37,1.38706815666667
bio9,28,42,3.9126942666666595
bio9,28,43,15.792719233333372
bio9,28,45,16.25057323333337
bio9,28,46,2.26046428333337
bio9,28,48,11.746087116666672
bio9,28,49,2.7798004166666592
bio9,28,52,5.67258721666667
bio9,28,53,6.119491843333371
bio9,28,54,5.57209923333337
bio9,28,55,10.42683731666667
bio9,28,57,9.098495349999972
bio9,28,60,17.864113733333372
bio9,32,33,5.169058383333301
bio9,32,37,14.5174282433333
bio9,32,42,19.81719066666663
bio9,32,43,0.11177716666659876
bio9,32,45,0.3460768333333988
bio9,32,46,13.644032116666601
bio9,32,48,4.158409283333299
bio9,32,49,18.68429681666663
bio9,32,52,10.2319091833333
bio9,32,53,9.7850045566666
bio9,32,54,10.3323971666666
bio9,32,55,5.4776590833333
bio9,32,57,6.806001049999999
bio9,32,60,1.9596173333334015
bio9,33,37,9.34836986
bio9,33,42,14.648132283333329
bio9,33,43,5.057281216666702
bio9,33,45,5.5151352166667
bio9,33,46,8.4749737333333
bio9,33,48,1.010649100000002
bio9,33,49,13.51523843333333
bio9,33,52,5.0628508
bio9,33,53,4.615946173333299
bio9,33,54,5.1633387833333
bio9,33,55,0.3086006999999995
bio9,33,57,1.6369426666666982
bio9,33,60,7.128675716666702
bio9,37,42,5.29976242333333
bio9,37,43,14.405651076666702
bio9,37,45,14.8635050766667
bio9,37,46,0.8733961266666999
bio9,37,48,10.359018960000002
bio9,37,49,4.166868573333329
bio9,37,52,4.28551906
bio9,37,53,4.732423686666701
bio9,37,54,4.1850310766667
bio9,37,55,9.03976916
bio9,37,57,7.711427193333302
bio9,37,60,16.477045576666704
bio9,42,43,19.70541350000003
bio9,42,45,20.16326750000003
bio9,42,46,6.173158550000029
bio9,42,48,15.65878138333333
bio9,42,49,1.1328938500000003
bio9,42,52,9.585281483333329
bio9,42,53,10.03218611000003
bio9,42,54,9.48479350000003
bio9,42,55,14.33953158333333
bio9,42,57,13.01118961666663
bio9,42,60,21.77680800000003
bio9,43,45,0.45785399999999754
bio9,43,46,13.532254950000002
bio9,43,48,4.0466321166667
bio9,43,49,18.572519650000032
bio9,43,52,10.120132016666702
bio9,43,53,9.673227390000001
bio9,43,54,10.220620000000002
bio9,43,55,5.365881916666702
bio9,43,57,6.6942238833334
bio9,43,60,2.0713945000000002
bio9,45,46,13.99010895
bio9,45,48,4.504486116666698
bio9,45,49,19.03037365000003
bio9,45,52,10.5779860166667
bio9,45,53,10.131081389999999
bio9,45,54,10.678474
bio9,45,55,5.823735916666699
bio9,45,57,7.152077883333398
bio9,45,60,1.6135405000000027
bio9,46,48,9.485622833333302
bio9,46,49,5.040264700000029
bio9,46,52,3.4121229333333005
bio9,46,53,3.8590275600000012
bio9,46,54,3.31163495
bio9,46,55,8.1663730333333
bio9,46,57,6.838031066666602
bio9,46,60,15.603649450000002
bio9,48,49,14.525887533333332
bio9,48,52,6.073499900000002
bio9,48,53,5.626595273333301
bio9,48,54,6.173987883333302
bio9,48,55,1.3192498000000015
bio9,48,57,2.6475917666667
bio9,48,60,6.1180266166667
bio9,49,52,8.45238763333333
bio9,49,53,8.899292260000031
bio9,49,54,8.351899650000028
bio9,49,55,13.20663773333333
bio9,49,57,11.878295766666632
bio9,49,60,20.643914150000032
bio9,52,53,0.4469046266667007
bio9,52,54,0.10048798333330033
bio9,52,55,4.7542501
bio9,52,57,3.4259081333333015
bio9,52,60,12.191526516666702
bio9,53,54,0.5473926100000011
bio9,53,55,4.307345473333299
bio9,53,57,2.9790035066666007
bio9,53,60,11.744621890000001
bio9,54,55,4.8547380833333005
bio9,54,57,3.526396116666602
bio9,54,60,12.292014500000002
bio9,55,57,1.3283419666666987
bio9,55,60,7.437276416666702
bio9,57,60,8.7656183833334
